{"stats":{"minecraft:custom":{"minecraft:interact_with_furnace":4,"minecraft:mob_kills":13,"minecraft:interact_with_crafting_table":15,"minecraft:leave_game":1,"minecraft:time_since_death":1042,"minecraft:sleep_in_bed":1,"minecraft:time_since_rest":881,"minecraft:sprint_one_cm":54868,"minecraft:damage_taken":1467,"minecraft:walk_one_cm":154740,"minecraft:drop":18,"minecraft:damage_dealt":1981,"minecraft:swim_one_cm":10370,"minecraft:fly_one_cm":97498,"minecraft:open_chest":8,"minecraft:crouch_one_cm":7147,"minecraft:play_time":56593,"tombstone:undead_killed":6,"minecraft:deaths":5,"minecraft:sneak_time":2333,"minecraft:walk_under_water_one_cm":1002,"minecraft:boat_one_cm":65178,"minecraft:jump":495,"minecraft:walk_on_water_one_cm":4210,"minecraft:total_world_time":56593,"minecraft:fish_caught":1,"minecraft:fall_one_cm":11105},"minecraft:mined":{"minecraft:dark_oak_planks":1,"minecraft:birch_stairs":7,"minecraft:mossy_cobblestone":1,"minecraft:mossy_stone_brick_slab":2,"minecraft:basalt":1,"minecraft:dark_oak_log":19,"minecraft:polished_granite":1,"minecraft:crafting_table":5,"biomesoplenty:bush":3,"minecraft:grass_block":8,"minecraft:tall_grass":1,"minecraft:birch_wood":2,"biomesoplenty:sprout":2,"minecraft:oak_planks":17,"minecraft:oxeye_daisy":1,"graveyard:gravestone":1,"minecraft:chiseled_stone_bricks":3,"minecraft:large_fern":1,"minecraft:birch_planks":6,"graveyard:oak_coffin":1,"minecraft:furnace":1,"minecraft:birch_log":12,"minecraft:lilac":1,"minecraft:spruce_log":14,"minecraft:grass":9,"minecraft:coal_ore":2,"minecraft:oak_log":5,"minecraft:flowering_azalea_leaves":1,"minecraft:dirt":1,"minecraft:black_candle":1,"minecraft:cracked_stone_bricks":2,"minecraft:wither_skeleton_skull":1,"minecraft:stone":63,"minecraft:mossy_stone_bricks":2,"minecraft:oak_leaves":2,"minecraft:fern":1},"minecraft:broken":{"minecraft:wooden_pickaxe":1},"minecraft:used":{"minecraft:stone_sword":54,"minecraft:birch_planks":17,"minecraft:stone_pickaxe":21,"minecraft:oak_planks":9,"minecraft:chest":2,"minecraft:wooden_pickaxe":60,"biomesoplenty:flowering_oak_sapling":1,"minecraft:cooked_chicken":1,"minecraft:rotten_flesh":2,"minecraft:cracked_stone_bricks":1,"minecraft:dirt":4,"minecraft:crafting_table":4,"minecraft:cod":1,"minecraft:dark_oak_door":1,"tombstone:bag_of_seeds":2,"minecraft:dark_oak_planks":44,"minecraft:apple":2,"minecraft:oxeye_daisy":1,"minecraft:birch_sapling":4,"graveyard:gravestone":1,"minecraft:fire_charge":1,"minecraft:stone_axe":81,"minecraft:chiseled_stone_bricks":1,"minecraft:fishing_rod":5,"minecraft:furnace":3,"minecraft:oak_boat":1,"minecraft:birch_stairs":25},"minecraft:picked_up":{"minecraft:birch_log":12,"minecraft:crafting_table":5,"minecraft:feather":2,"minecraft:basalt":1,"fight_or_die:springer_fragment":1,"minecraft:chicken":2,"minecraft:tripwire_hook":1,"minecraft:leather":2,"minecraft:wooden_pickaxe":1,"minecraft:birch_planks":5,"minecraft:oak_log":6,"minecraft:wither_skeleton_skull":1,"minecraft:dirt":9,"minecraft:iron_leggings":1,"minecraft:bone":2,"minecraft:apple":2,"minecraft:cracked_stone_bricks":2,"minecraft:wheat_seeds":1,"minecraft:birch_wood":23,"graveyard:gravestone":1,"minecraft:stone_pickaxe":1,"minecraft:light_weighted_pressure_plate":2,"minecraft:beef":3,"minecraft:mossy_stone_bricks":1,"minecraft:birch_sapling":14,"minecraft:oak_planks":7,"minecraft:furnace":2,"minecraft:dark_oak_door":2,"fight_or_die:ripping_flesh":3,"minecraft:stick":9,"minecraft:black_candle":3,"minecraft:chiseled_stone_bricks":1,"minecraft:torch":4,"minecraft:birch_stairs":5,"tombstone:grave_dust":4,"minecraft:spruce_log":14,"minecraft:dark_oak_log":18,"minecraft:mossy_stone_brick_slab":2,"minecraft:mossy_cobblestone":1,"minecraft:dark_oak_planks":8,"biomesoplenty:flowering_oak_sapling":1,"minecraft:arrow":1,"minecraft:rotten_flesh":18,"minecraft:oak_sapling":2,"minecraft:coal":11,"minecraft:cod":1,"minecraft:cobblestone":62,"minecraft:oxeye_daisy":1},"minecraft:killed":{"fight_or_die:springer":2,"fight_or_die:mutated_pig":1,"minecraft:skeleton":2,"minecraft:zombie":4,"minecraft:chicken":2,"minecraft:cow":2},"minecraft:dropped":{"minecraft:dark_oak_door":2,"minecraft:wheat_seeds":1,"minecraft:cocoa_beans":1,"minecraft:mossy_cobblestone":1,"minecraft:birch_sapling":10,"minecraft:mossy_stone_brick_slab":2,"minecraft:cracked_stone_bricks":1,"minecraft:pumpkin_seeds":2,"minecraft:light_weighted_pressure_plate":2,"minecraft:beetroot_seeds":2,"minecraft:mossy_stone_bricks":1,"minecraft:oak_sapling":2,"fight_or_die:ripping_flesh":2,"minecraft:basalt":1,"minecraft:dark_oak_planks":7},"minecraft:crafted":{"minecraft:oak_planks":24,"minecraft:crafting_table":1,"minecraft:wooden_pickaxe":1,"minecraft:cooked_chicken":2,"minecraft:furnace":1,"minecraft:birch_planks":48,"minecraft:air":0,"minecraft:dark_oak_door":3,"minecraft:oak_boat":1,"minecraft:stick":8,"minecraft:chest":2,"minecraft:stone_pickaxe":1,"minecraft:stone_sword":1,"minecraft:dark_oak_planks":72,"minecraft:birch_stairs":20}},"DataVersion":3465}