{"stats":{"minecraft:mined":{"minecraft:mossy_cobblestone":1,"minecraft:mossy_stone_brick_slab":2,"minecraft:basalt":1,"minecraft:polished_granite":1,"minecraft:crafting_table":4,"biomesoplenty:bush":3,"minecraft:grass_block":1,"minecraft:tall_grass":1,"minecraft:birch_wood":2,"biomesoplenty:sprout":2,"minecraft:oxeye_daisy":1,"graveyard:gravestone":1,"minecraft:chiseled_stone_bricks":3,"graveyard:oak_coffin":1,"minecraft:birch_log":12,"minecraft:lilac":1,"minecraft:grass":6,"minecraft:coal_ore":2,"minecraft:oak_log":5,"minecraft:flowering_azalea_leaves":1,"minecraft:black_candle":1,"minecraft:cracked_stone_bricks":2,"minecraft:wither_skeleton_skull":1,"minecraft:stone":54,"minecraft:mossy_stone_bricks":2,"minecraft:fern":1},"minecraft:custom":{"minecraft:interact_with_furnace":2,"minecraft:mob_kills":7,"minecraft:interact_with_crafting_table":6,"minecraft:leave_game":1,"minecraft:time_since_death":32593,"minecraft:time_since_rest":32593,"minecraft:sprint_one_cm":30753,"minecraft:damage_taken":220,"minecraft:walk_one_cm":68148,"minecraft:drop":11,"minecraft:damage_dealt":1038,"minecraft:swim_one_cm":10370,"minecraft:fly_one_cm":47517,"minecraft:open_chest":4,"minecraft:crouch_one_cm":2745,"minecraft:play_time":32593,"tombstone:undead_killed":3,"minecraft:sneak_time":705,"minecraft:walk_under_water_one_cm":808,"minecraft:boat_one_cm":65178,"minecraft:jump":231,"minecraft:walk_on_water_one_cm":4022,"minecraft:total_world_time":32593,"minecraft:fish_caught":1,"minecraft:fall_one_cm":5734},"minecraft:broken":{"minecraft:wooden_pickaxe":1},"minecraft:used":{"minecraft:stone_sword":28,"minecraft:stone_pickaxe":10,"minecraft:wooden_pickaxe":60,"biomesoplenty:flowering_oak_sapling":1,"minecraft:rotten_flesh":2,"minecraft:dirt":1,"minecraft:crafting_table":4,"minecraft:cod":1,"tombstone:bag_of_seeds":2,"minecraft:apple":1,"minecraft:oxeye_daisy":1,"minecraft:birch_sapling":4,"graveyard:gravestone":1,"minecraft:stone_axe":13,"minecraft:fishing_rod":5,"minecraft:furnace":1,"minecraft:oak_boat":1},"minecraft:picked_up":{"minecraft:birch_log":12,"minecraft:crafting_table":4,"minecraft:feather":2,"minecraft:basalt":1,"fight_or_die:springer_fragment":1,"minecraft:chicken":2,"minecraft:tripwire_hook":1,"minecraft:oak_log":6,"minecraft:wither_skeleton_skull":1,"minecraft:dirt":1,"minecraft:apple":1,"minecraft:cracked_stone_bricks":2,"minecraft:wheat_seeds":1,"minecraft:birch_wood":23,"graveyard:gravestone":1,"minecraft:mossy_stone_bricks":1,"minecraft:birch_sapling":4,"minecraft:stick":3,"minecraft:black_candle":3,"minecraft:chiseled_stone_bricks":1,"tombstone:grave_dust":2,"minecraft:mossy_stone_brick_slab":2,"minecraft:mossy_cobblestone":1,"biomesoplenty:flowering_oak_sapling":1,"minecraft:rotten_flesh":17,"minecraft:oak_sapling":2,"minecraft:coal":2,"minecraft:cod":1,"minecraft:cobblestone":54,"minecraft:oxeye_daisy":1},"minecraft:killed":{"fight_or_die:springer":2,"minecraft:zombie":3,"minecraft:chicken":2},"minecraft:dropped":{"minecraft:wheat_seeds":1,"minecraft:cocoa_beans":1,"minecraft:mossy_cobblestone":1,"minecraft:mossy_stone_brick_slab":2,"minecraft:pumpkin_seeds":2,"minecraft:beetroot_seeds":2,"minecraft:mossy_stone_bricks":1,"minecraft:oak_sapling":2,"minecraft:basalt":1},"minecraft:crafted":{"minecraft:oak_planks":24,"minecraft:crafting_table":1,"minecraft:wooden_pickaxe":1,"minecraft:cooked_chicken":2,"minecraft:furnace":1,"minecraft:air":0,"minecraft:oak_boat":1,"minecraft:stick":8,"minecraft:stone_pickaxe":1,"minecraft:stone_sword":1}},"DataVersion":3465}