{"stats":{"minecraft:picked_up":{"minecraft:wheat":17,"minecraft:stone_slab":6,"alexscaves:cave_tablet":1,"minecraft:enchanted_book":1,"biomesoplenty:maple_leaves":68,"tombstone:grave_key":3,"minecraft:string":13,"minecraft:raw_copper":5,"minecraft:iron_leggings":2,"minecraft:zombie_head":1,"biomesoplenty:yellow_autumn_leaves":79,"minecraft:gold_nugget":2,"minecraft:cobbled_deepslate":40,"minecraft:spruce_planks":10,"minecraft:light_weighted_pressure_plate":4,"minecraft:calcite":2,"minecraft:azalea":3,"biomesoplenty:redwood_wood":42,"minecraft:furnace":3,"minecraft:dark_oak_door":5,"minecraft:stick":16,"minecraft:sheaf_pottery_sherd":1,"minecraft:torch":8,"minecraft:porkchop":47,"tombstone:grave_dust":21,"minecraft:pointed_dripstone":6,"minecraft:stone_sword":1,"minecraft:rotten_flesh":45,"minecraft:cyan_terracotta":244,"minecraft:white_terracotta":62,"minecraft:cod":1,"minecraft:cobblestone":539,"minecraft:birch_log":74,"minecraft:magma_block":6,"minecraft:mossy_cobblestone_slab":1,"fight_or_die:springer_fragment":7,"minecraft:feather":11,"minecraft:cooked_beef":3,"minecraft:andesite":19,"minecraft:brown_wool":3,"minecraft:potato":4,"minecraft:flint":11,"minecraft:tuff":5,"minecraft:wither_skeleton_skull":2,"alexsmobs:rocky_shell":3,"minecraft:lapis_lazuli":12,"minecraft:dirt":318,"minecraft:bone":69,"minecraft:wheat_seeds":93,"minecraft:raw_gold":16,"minecraft:bell":1,"minecraft:birch_wood":67,"minecraft:mossy_stone_bricks":1,"minecraft:moss_block":24,"minecraft:oak_planks":9,"armorplus:frost_shard":15,"minecraft:cooked_porkchop":14,"minecraft:dark_oak_log":36,"alexsmobs:animal_dictionary":2,"minecraft:mossy_cobblestone":4,"graveyard:oak_coffin":2,"minecraft:light_gray_terracotta":195,"minecraft:diamond":33,"minecraft:angler_pottery_sherd":1,"bossominium:the_bossdexium":2,"minecraft:grass":2,"minecraft:spruce_sign":1,"minecraft:bread":38,"minecraft:emerald":4,"minecraft:oak_sapling":6,"minecraft:netherrack":17,"armorplus:lava_shard":85,"minecraft:shelter_pottery_sherd":1,"minecraft:charcoal":4,"minecraft:crafting_table":11,"minecraft:coarse_dirt":1,"minecraft:allium":12,"minecraft:clay_ball":40,"minecraft:chicken":4,"minecraft:ladder":20,"minecraft:wooden_pickaxe":1,"minecraft:gold_block":1,"minecraft:moss_carpet":2,"minecraft:cracked_stone_bricks":2,"graveyard:gravestone":1,"minecraft:beef":12,"additionaladditions:rose_gold_upgrade":2,"minecraft:iron_nugget":1,"minecraft:poppy":2,"minecraft:light_gray_wool":2,"minecraft:chest":4,"minecraft:birch_sapling":14,"minecraft:egg":1,"minecraft:dark_oak_sapling":4,"fight_or_die:ripping_flesh":16,"minecraft:raw_iron":57,"fight_or_die:rotten_brain":3,"minecraft:copper_ingot":65,"minecraft:carrot":3,"minecraft:redstone":2,"minecraft:dark_oak_planks":56,"biomesoplenty:redwood_planks":122,"minecraft:arrow":45,"minecraft:peony":1,"minecraft:hay_block":21,"minecraft:gold_ingot":8,"biomesoplenty:redwood_sapling":6,"minecraft:glow_berries":9,"minecraft:mutton":15,"minecraft:skeleton_skull":1,"minecraft:white_wool":5,"minecraft:oxeye_daisy":1,"minecraft:clock":1,"minecraft:basalt":1,"minecraft:tripwire_hook":1,"minecraft:leather":14,"minecraft:birch_planks":11,"minecraft:filled_map":1,"biomesoplenty:orange_autumn_leaves":22,"minecraft:oak_log":66,"minecraft:yellow_bed":4,"minecraft:gunpowder":5,"minecraft:apple":4,"minecraft:stone_bricks":1,"minecraft:iron_ingot":4,"minecraft:stone_pickaxe":2,"minecraft:cooked_chicken":1,"minecraft:cobweb":8,"minecraft:flowering_azalea":2,"minecraft:black_candle":6,"minecraft:sweet_berries":7,"minecraft:chiseled_stone_bricks":1,"minecraft:gravel":17,"minecraft:birch_stairs":8,"minecraft:spruce_log":42,"minecraft:spruce_sapling":1,"minecraft:blast_furnace":1,"minecraft:white_bed":4,"fight_or_die:sickened_heart":2,"minecraft:mossy_stone_brick_slab":2,"biomesoplenty:flowering_oak_sapling":4,"minecraft:snort_pottery_sherd":1,"minecraft:stone_axe":1,"minecraft:diamond_axe":1,"tombstone:magic_scroll":2,"minecraft:baked_potato":11,"minecraft:coal":190},"minecraft:mined":{"minecraft:dark_oak_planks":44,"minecraft:mossy_stone_brick_slab":2,"armorplus:ore_lava_crystal_stone":12,"minecraft:cave_vines_plant":13,"minecraft:grass_block":181,"armorplus:ore_frost_crystal_stone":6,"minecraft:oxeye_daisy":1,"minecraft:chiseled_stone_bricks":3,"minecraft:magma_block":6,"minecraft:mossy_cobblestone_slab":1,"fight_or_die:blood_splash1":5,"minecraft:fire":1,"minecraft:iron_ore":17,"minecraft:deepslate_lapis_ore":1,"minecraft:cave_vines":14,"minecraft:flowering_azalea_leaves":1,"minecraft:black_candle":1,"armorplus:ore_lava_crystal_obsidian":7,"minecraft:azalea":1,"minecraft:cyan_terracotta":187,"minecraft:clay":1,"minecraft:torch":1,"minecraft:light_gray_terracotta":188,"minecraft:blast_furnace":1,"minecraft:chest":4,"minecraft:cobblestone":8,"minecraft:birch_wood":2,"graveyard:lying_skeleton":1,"minecraft:oak_planks":19,"graveyard:gravestone":1,"minecraft:white_terracotta":64,"minecraft:seagrass":1,"graveyard:oak_coffin":2,"minecraft:dark_oak_door":1,"minecraft:birch_log":12,"minecraft:wheat":22,"minecraft:lilac":1,"biomesoplenty:maple_leaves":75,"minecraft:grass":135,"minecraft:oak_log":32,"minecraft:dirt":13,"minecraft:wither_skeleton_skull":1,"minecraft:netherrack":17,"minecraft:oak_leaves":2,"minecraft:deepslate":25,"minecraft:suspicious_gravel":1,"biomesoplenty:orange_autumn_leaves":27,"minecraft:tuff":2,"minecraft:mossy_cobblestone":5,"minecraft:deepslate_diamond_ore":24,"minecraft:dark_oak_log":19,"minecraft:ladder":1,"biomesoplenty:bush":3,"minecraft:allium":7,"minecraft:decorated_pot":1,"minecraft:moss_block":10,"minecraft:large_fern":10,"minecraft:furnace":2,"minecraft:carrots":3,"minecraft:andesite":11,"minecraft:gold_block":1,"minecraft:peony":1,"minecraft:potatoes":4,"minecraft:deepslate_iron_ore":29,"minecraft:stone":178,"minecraft:birch_stairs":7,"minecraft:basalt":1,"minecraft:polished_granite":1,"minecraft:crafting_table":8,"minecraft:campfire":1,"minecraft:stone_slab":6,"minecraft:tall_grass":17,"minecraft:copper_ore":1,"biomesoplenty:sprout":2,"minecraft:deepslate_gold_ore":11,"minecraft:birch_planks":9,"biomesoplenty:yellow_autumn_leaves":116,"minecraft:sweet_berry_bush":3,"minecraft:birch_leaves":1,"minecraft:spruce_log":24,"fight_or_die:blood_splash2":17,"minecraft:yellow_bed":4,"minecraft:coal_ore":94,"minecraft:gravel":10,"graveyard:leaning_skeleton":1,"minecraft:cracked_stone_bricks":2,"minecraft:stone_bricks":1,"minecraft:mossy_stone_bricks":2,"minecraft:gold_ore":3,"biomesoplenty:redwood_wood":56,"minecraft:fern":20},"minecraft:broken":{"minecraft:golden_boots":1,"minecraft:iron_leggings":1,"minecraft:stone_axe":1,"minecraft:stone_sword":1,"minecraft:wooden_pickaxe":2},"minecraft:dropped":{"biomesoplenty:orange_autumn_leaves":20,"minecraft:diamond_axe":2,"minecraft:baked_potato":3,"minecraft:dark_oak_sapling":2,"minecraft:cracked_stone_bricks":1,"minecraft:light_weighted_pressure_plate":2,"minecraft:grass":2,"minecraft:dark_oak_planks":7,"minecraft:birch_stairs":1,"minecraft:dark_oak_door":2,"minecraft:birch_sapling":10,"minecraft:mossy_stone_brick_slab":2,"minecraft:gunpowder":1,"minecraft:beetroot_seeds":2,"minecraft:azalea":4,"minecraft:ladder":30,"fight_or_die:ripping_flesh":3,"minecraft:basalt":1,"minecraft:wheat_seeds":28,"minecraft:mossy_cobblestone":1,"minecraft:cobblestone":230,"minecraft:apple":1,"biomesoplenty:maple_leaves":2,"minecraft:torch":8,"tombstone:grave_key":3,"minecraft:diamond_helmet":1,"minecraft:iron_leggings":2,"minecraft:pink_tulip":2,"minecraft:stone_sword":1,"minecraft:cocoa_beans":1,"minecraft:tuff":1,"minecraft:pumpkin_seeds":2,"minecraft:diamond_sword":1,"minecraft:diamond_pickaxe":1,"minecraft:iron_chestplate":1,"minecraft:mossy_stone_bricks":1,"minecraft:oak_sapling":2},"minecraft:used":{"minecraft:moss_block":11,"minecraft:iron_shovel":203,"minecraft:ladder":2,"minecraft:chest":7,"minecraft:iron_sword":1,"minecraft:rotten_flesh":4,"minecraft:allium":1,"minecraft:tuff":3,"minecraft:cyan_terracotta":101,"minecraft:birch_sapling":4,"minecraft:sweet_berries":7,"minecraft:furnace":4,"minecraft:skeleton_skull":1,"minecraft:potato":12,"minecraft:wither_skeleton_skull":1,"minecraft:stone_pickaxe":125,"minecraft:oak_planks":9,"minecraft:wooden_pickaxe":114,"biomesoplenty:flowering_oak_sapling":1,"minecraft:diamond_axe":2,"minecraft:glow_berries":20,"minecraft:blast_furnace":1,"minecraft:light_gray_terracotta":44,"minecraft:shears":218,"minecraft:zombie_head":1,"minecraft:bread":7,"graveyard:gravestone":1,"minecraft:gravel":1,"minecraft:diamond_sword":287,"minecraft:fire_charge":1,"minecraft:andesite":2,"minecraft:oak_boat":1,"minecraft:stone_sword":149,"biomesoplenty:redwood_planks":46,"minecraft:cooked_chicken":2,"graveyard:oak_coffin":2,"minecraft:netherrack":1,"minecraft:torch":2,"minecraft:dirt":143,"minecraft:dark_oak_planks":48,"minecraft:iron_axe":100,"minecraft:tripwire_hook":1,"minecraft:beef":3,"tombstone:gift":6,"minecraft:cooked_beef":2,"minecraft:cobbled_deepslate":25,"minecraft:calcite":2,"minecraft:wheat_seeds":2,"minecraft:cooked_mutton":12,"minecraft:water_bucket":1,"minecraft:birch_planks":17,"minecraft:baked_potato":11,"minecraft:spruce_sign":1,"minecraft:cracked_stone_bricks":1,"minecraft:mossy_cobblestone":3,"minecraft:crafting_table":9,"minecraft:cod":1,"minecraft:smoker":1,"minecraft:dark_oak_door":3,"tombstone:bag_of_seeds":2,"minecraft:diamond_pickaxe":692,"minecraft:apple":2,"minecraft:oxeye_daisy":1,"minecraft:iron_pickaxe":59,"minecraft:stone_slab":2,"minecraft:spruce_sapling":1,"minecraft:stone_axe":137,"minecraft:chiseled_stone_bricks":1,"minecraft:fishing_rod":5,"minecraft:cobblestone":41,"minecraft:cooked_porkchop":14,"minecraft:bucket":3,"minecraft:yellow_bed":4,"minecraft:birch_stairs":25},"minecraft:crafted":{"minecraft:oak_planks":24,"minecraft:cooked_chicken":2,"minecraft:cooked_mutton":15,"minecraft:dark_oak_door":3,"minecraft:diamond_helmet":1,"minecraft:iron_boots":1,"minecraft:chest":3,"minecraft:smoker":1,"minecraft:diamond_axe":1,"minecraft:crafting_table":2,"minecraft:spruce_planks":88,"minecraft:wooden_pickaxe":1,"minecraft:baked_potato":3,"minecraft:clock":1,"minecraft:copper_ingot":15,"minecraft:birch_planks":48,"minecraft:iron_chestplate":2,"minecraft:diamond_pickaxe":2,"minecraft:stick":88,"minecraft:iron_pickaxe":1,"minecraft:iron_ingot":57,"minecraft:stone_sword":1,"minecraft:gold_ingot":25,"minecraft:birch_stairs":20,"minecraft:shears":1,"minecraft:furnace":2,"armorplus:lava_crystal":7,"minecraft:iron_axe":1,"minecraft:ladder":30,"minecraft:stone_pickaxe":2,"minecraft:dark_oak_planks":72,"minecraft:cooked_beef":3,"minecraft:diamond_sword":2,"biomesoplenty:redwood_planks":168,"minecraft:air":0,"fight_or_die:parascore":1,"minecraft:oak_boat":1,"minecraft:iron_shovel":1,"minecraft:iron_leggings":1,"minecraft:torch":8},"minecraft:killed_by":{"minecraft:player":1},"minecraft:custom":{"minecraft:interact_with_crafting_table":38,"minecraft:open_barrel":3,"goblintraders:trade_with_goblin":5,"minecraft:leave_game":9,"minecraft:time_since_death":5655,"minecraft:sprint_one_cm":371608,"minecraft:drop":65,"minecraft:play_time":291989,"minecraft:deaths":27,"minecraft:jump":3018,"minecraft:walk_on_water_one_cm":14541,"minecraft:interact_with_furnace":35,"minecraft:sleep_in_bed":14,"minecraft:damage_dealt":20565,"minecraft:crouch_one_cm":27703,"tombstone:undead_killed":25,"minecraft:interact_with_smoker":3,"minecraft:mob_kills":149,"minecraft:interact_with_campfire":12,"minecraft:climb_one_cm":31516,"minecraft:walk_one_cm":734428,"minecraft:sneak_time":8514,"minecraft:walk_under_water_one_cm":2741,"minecraft:boat_one_cm":65178,"minecraft:interact_with_blast_furnace":6,"minecraft:total_world_time":291989,"minecraft:time_since_rest":5478,"minecraft:damage_taken":10722,"minecraft:swim_one_cm":10370,"minecraft:fly_one_cm":664853,"minecraft:open_chest":211,"minecraft:fish_caught":1,"minecraft:fall_one_cm":80760},"minecraft:killed":{"fight_or_die:springer":12,"minecraft:spider":3,"minecraft:skeleton":8,"minecraft:chicken":4,"fight_or_die:mutated_fox":4,"minecraft:pig":24,"fight_or_die:mutated_cow":2,"minecraft:creeper":1,"minecraft:sheep":10,"fight_or_die:mutated_villager":6,"minecraft:zombie":17,"fight_or_die:mutated_player":12,"alexsmobs:fly":1,"minecraft:cow":7,"fight_or_die:mutated_human_head":4,"fight_or_die:mutated_pig":5,"alexsmobs:seagull":1,"fight_or_die:shiller":13,"fight_or_die:mutated_sheep":1,"fight_or_die:mutated_human":8,"alexsmobs:crow":1,"fight_or_die:mutated_player_head":3}},"DataVersion":3465}