{"stats":{"minecraft:mined":{"graveyard:oak_coffin":1,"minecraft:mossy_stone_brick_slab":2,"minecraft:basalt":1,"minecraft:crafting_table":3,"minecraft:grass":5,"biomesoplenty:bush":1,"minecraft:oak_log":5,"minecraft:coal_ore":2,"minecraft:flowering_azalea_leaves":1,"biomesoplenty:sprout":2,"minecraft:stone":54,"minecraft:oxeye_daisy":1,"graveyard:gravestone":1},"minecraft:custom":{"minecraft:time_since_rest":20593,"minecraft:sprint_one_cm":17998,"minecraft:damage_taken":130,"minecraft:walk_one_cm":42652,"minecraft:mob_kills":1,"minecraft:damage_dealt":120,"minecraft:interact_with_crafting_table":4,"minecraft:fly_one_cm":29802,"minecraft:open_chest":2,"minecraft:crouch_one_cm":516,"minecraft:play_time":20593,"minecraft:sneak_time":215,"minecraft:jump":129,"minecraft:leave_game":1,"minecraft:time_since_death":20593,"minecraft:walk_on_water_one_cm":192,"minecraft:total_world_time":20593,"minecraft:fall_one_cm":3257},"minecraft:broken":{"minecraft:wooden_pickaxe":1},"minecraft:used":{"minecraft:stone_sword":4,"minecraft:oxeye_daisy":1,"graveyard:gravestone":1,"minecraft:wooden_pickaxe":60,"minecraft:crafting_table":2},"minecraft:picked_up":{"minecraft:stick":2,"minecraft:crafting_table":3,"fight_or_die:springer_fragment":1,"minecraft:basalt":1,"minecraft:oak_log":6,"minecraft:mossy_stone_brick_slab":2,"biomesoplenty:flowering_oak_sapling":1,"minecraft:apple":1,"graveyard:gravestone":1,"minecraft:oak_sapling":2,"minecraft:coal":2,"minecraft:cobblestone":54,"minecraft:oxeye_daisy":1},"minecraft:killed":{"fight_or_die:springer":1},"minecraft:crafted":{"minecraft:oak_planks":24,"minecraft:crafting_table":1,"minecraft:stick":8,"minecraft:wooden_pickaxe":1,"minecraft:stone_pickaxe":1,"minecraft:stone_sword":1}},"DataVersion":3465}