{"stats":{"minecraft:crafted":{"minecraft:smooth_stone":12,"minecraft:cooked_mutton":24,"graveyard:bone_dagger":2,"minecraft:diamond_helmet":1,"another_furniture:dark_oak_shutter":4,"minecraft:cooked_porkchop":39,"minecraft:diamond_axe":2,"minecraft:clock":1,"minecraft:copper_ingot":16,"minecraft:iron_pickaxe":1,"minecraft:gold_ingot":34,"minecraft:birch_stairs":20,"minecraft:smooth_stone_slab":24,"another_furniture:spruce_chair":3,"jeg:scrap_workbench":1,"minecraft:ladder":30,"extraweapons:iron_battleaxe":1,"minecraft:spruce_slab":12,"minecraft:stone_pickaxe":2,"minecraft:dark_oak_planks":188,"biomesoplenty:redwood_planks":168,"minecraft:iron_shovel":2,"minecraft:armor_stand":7,"minecraft:iron_leggings":3,"minecraft:oak_planks":24,"minecraft:dark_oak_boat":1,"minecraft:cooked_chicken":2,"minecraft:stone":19,"minecraft:dark_oak_door":3,"minecraft:iron_boots":3,"minecraft:chest":3,"minecraft:smoker":1,"minecraft:item_frame":2,"minecraft:crafting_table":3,"minecraft:spruce_planks":96,"minecraft:wooden_pickaxe":1,"minecraft:baked_potato":12,"minecraft:iron_helmet":2,"minecraft:birch_planks":48,"minecraft:dark_oak_slab":114,"minecraft:iron_chestplate":5,"minecraft:diamond_pickaxe":2,"minecraft:stick":136,"minecraft:iron_ingot":90,"minecraft:stone_sword":1,"minecraft:shears":1,"extraweapons:handle":2,"extraweapons:throwing_axe":1,"minecraft:furnace":2,"armorplus:lava_crystal":10,"minecraft:iron_axe":1,"minecraft:cooked_beef":9,"minecraft:diamond_sword":2,"minecraft:dark_oak_stairs":4,"travelersbackpack:backpack_tank":2,"minecraft:air":0,"jeg:scrap_block":1,"fight_or_die:parascore":1,"another_furniture:spruce_table":3,"minecraft:oak_boat":1,"minecraft:torch":128},"minecraft:custom":{"minecraft:interact_with_crafting_table":87,"minecraft:open_barrel":60,"goblintraders:trade_with_goblin":5,"minecraft:eat_cake_slice":22,"minecraft:leave_game":15,"minecraft:time_since_death":9835,"minecraft:play_time":658176,"minecraft:deaths":56,"minecraft:jump":5252,"minecraft:interact_with_furnace":56,"minecraft:interact_with_cartography_table":1,"minecraft:sleep_in_bed":26,"minecraft:damage_dealt":40107,"tombstone:undead_killed":33,"minecraft:interact_with_smoker":14,"minecraft:sneak_time":28701,"minecraft:interact_with_blast_furnace":33,"minecraft:total_world_time":658176,"tombstone:raider_killed":1,"minecraft:tune_noteblock":7,"minecraft:interact_with_stonecutter":2,"minecraft:time_since_rest":2669,"minecraft:swim_one_cm":31601,"minecraft:fly_one_cm":1012528,"minecraft:open_chest":480,"minecraft:fish_caught":1,"minecraft:fall_one_cm":130726,"minecraft:sprint_one_cm":602357,"minecraft:drop":243,"minecraft:play_noteblock":1,"minecraft:talked_to_villager":4,"minecraft:walk_on_water_one_cm":54331,"minecraft:interact_with_loom":1,"minecraft:crouch_one_cm":87907,"minecraft:mob_kills":256,"minecraft:interact_with_campfire":12,"minecraft:climb_one_cm":74995,"minecraft:walk_one_cm":1884585,"minecraft:walk_under_water_one_cm":24455,"minecraft:boat_one_cm":467767,"minecraft:damage_taken":22777},"minecraft:killed":{"fight_or_die:springer":18,"minecraft:cave_spider":1,"minecraft:skeleton":8,"graveyard:acolyte":27,"minecraft:chicken":4,"minecraft:zombie":24,"fight_or_die:mutated_player":16,"minecraft:cow":7,"fight_or_die:mutated_human_head":10,"minecraft:vindicator":1,"alexsmobs:seagull":2,"fight_or_die:shiller":25,"fight_or_die:mutated_sheep":2,"fight_or_die:mutated_human":27,"minecraft:husk":1,"minecraft:spider":5,"fight_or_die:mutated_fox":4,"minecraft:pig":24,"fight_or_die:mutated_cow":4,"minecraft:creeper":1,"minecraft:sheep":14,"fight_or_die:mutated_villager":9,"alexsmobs:fly":1,"fight_or_die:mutated_pig":12,"fight_or_die:mutated_villager_head":1,"alexsmobs:crow":2,"fight_or_die:mutated_player_head":4},"minecraft:dropped":{"minecraft:mossy_stone_brick_stairs":6,"minecraft:cracked_stone_bricks":1,"minecraft:light_weighted_pressure_plate":2,"graveyard:small_black_urn":1,"minecraft:dirt":98,"minecraft:grass":2,"biomesoplenty:yellow_autumn_leaves":64,"minecraft:bone_meal":11,"minecraft:bone_block":1,"minecraft:sand":1,"minecraft:dark_oak_planks":18,"minecraft:birch_stairs":1,"minecraft:bone":7,"minecraft:dark_oak_door":2,"minecraft:stone_axe":1,"minecraft:cobbled_deepslate":5,"minecraft:birch_sapling":10,"minecraft:stripped_dark_oak_log":3,"minecraft:rotten_flesh":13,"minecraft:rabbit_foot":8,"minecraft:ladder":30,"biomesoplenty:mahogany_sapling":6,"minecraft:stone_brick_stairs":5,"minecraft:wheat_seeds":34,"minecraft:polished_blackstone":2,"minecraft:cobblestone":624,"minecraft:apple":2,"minecraft:granite":1,"biomesoplenty:maple_leaves":26,"minecraft:cobweb":35,"minecraft:diamond_helmet":1,"minecraft:iron_shovel":1,"minecraft:string":9,"minecraft:spruce_sapling":26,"minecraft:stone_brick_slab":3,"minecraft:pink_tulip":2,"minecraft:soul_torch":1,"minecraft:stone_sword":1,"minecraft:cocoa_beans":1,"minecraft:polished_deepslate_slab":9,"minecraft:clay_ball":4,"minecraft:name_tag":1,"minecraft:cobbled_deepslate_slab":5,"minecraft:pumpkin_seeds":2,"minecraft:diamond_sword":1,"minecraft:potato":1,"minecraft:stone":26,"minecraft:allium":11,"minecraft:bundle":1,"minecraft:spruce_planks":8,"minecraft:diamond_pickaxe":1,"minecraft:barrel":5,"minecraft:bamboo":2,"minecraft:moss_block":11,"biomesoplenty:orange_autumn_leaves":22,"minecraft:diamond_axe":2,"minecraft:baked_potato":3,"minecraft:loom":1,"minecraft:dark_oak_sapling":2,"jeg:scrap":12,"minecraft:cracked_polished_blackstone_bricks":1,"graveyard:small_brown_urn":3,"minecraft:crimson_roots":5,"biomesoplenty:flowering_oak_sapling":3,"minecraft:cut_sandstone":1,"minecraft:polished_blackstone_bricks":2,"minecraft:armor_stand":3,"minecraft:gravel":28,"minecraft:white_tulip":1,"minecraft:spyglass":1,"biomesoplenty:redwood_sapling":3,"extraweapons:throwing_axe":1,"biomesoplenty:orange_autumn_sapling":1,"minecraft:mossy_stone_brick_slab":2,"minecraft:cooked_mutton":1,"minecraft:honey_bottle":8,"minecraft:gunpowder":1,"minecraft:skeleton_skull":1,"minecraft:beetroot_seeds":2,"minecraft:azalea":4,"fight_or_die:ripping_flesh":10,"minecraft:basalt":1,"minecraft:iron_bars":14,"minecraft:stone_hoe":1,"minecraft:bread":9,"minecraft:mossy_cobblestone":1,"minecraft:stick":7,"minecraft:torch":8,"tombstone:grave_key":3,"minecraft:repeater":2,"minecraft:nether_wart_block":5,"tombstone:grave_dust":2,"minecraft:iron_leggings":3,"jeg:waterpipe_shotgun":1,"minecraft:flowering_azalea":2,"minecraft:coarse_dirt":1,"minecraft:tuff":2,"minecraft:iron_chestplate":1,"minecraft:andesite":10,"minecraft:mossy_stone_bricks":1,"minecraft:oak_sapling":2,"minecraft:stone_pickaxe":1},"minecraft:mined":{"minecraft:dark_oak_planks":44,"minecraft:white_bed":8,"graveyard:small_black_urn":1,"minecraft:jungle_leaves":2,"minecraft:granite":1,"minecraft:coal_block":5,"minecraft:oxeye_daisy":2,"minecraft:chiseled_stone_bricks":3,"minecraft:spawner":7,"minecraft:magma_block":11,"minecraft:fire":1,"fight_or_die:blood_splash1":16,"minecraft:cobbled_deepslate":6,"minecraft:sticky_piston":1,"minecraft:barrel":3,"minecraft:deepslate_lapis_ore":3,"minecraft:stripped_dark_oak_wood":6,"minecraft:polished_deepslate_slab":10,"minecraft:cave_vines":14,"minecraft:pink_tulip":1,"minecraft:stripped_mangrove_wood":1,"minecraft:player_head":2,"minecraft:cut_sandstone":13,"minecraft:crimson_nylium":1,"minecraft:smoker":2,"minecraft:torch":5,"minecraft:blast_furnace":22,"minecraft:polished_andesite_stairs":2,"minecraft:white_stained_glass_pane":3,"minecraft:cyan_bed":2,"minecraft:white_terracotta":66,"minecraft:repeater":1,"graveyard:oak_coffin":2,"minecraft:wheat":22,"minecraft:lilac":1,"minecraft:black_bed":7,"graveyard:dark_oak_coffin":10,"minecraft:stone_brick_stairs":5,"minecraft:grass":174,"minecraft:loom":1,"minecraft:zombie_wall_head":1,"minecraft:deepslate":28,"minecraft:suspicious_gravel":1,"biomesoplenty:orange_autumn_leaves":27,"minecraft:light_gray_stained_glass_pane":2,"minecraft:mossy_cobblestone":5,"minecraft:dark_oak_log":200,"minecraft:sea_lantern":2,"minecraft:cobbled_deepslate_slab":9,"minecraft:allium":7,"graveyard:tg_deepslate":6,"minecraft:redstone_wire":5,"minecraft:moss_block":19,"minecraft:black_stained_glass_pane":2,"graveyard:tg_moss_block":1,"minecraft:andesite":12,"minecraft:mossy_stone_brick_stairs":6,"graveyard:sarcophagus":1,"minecraft:potatoes":4,"biomesoplenty:high_grass":7,"minecraft:vine":1,"minecraft:birch_stairs":7,"biomesoplenty:redwood_planks":6,"minecraft:glass_pane":2,"jeg:scrap_ore":17,"minecraft:brown_carpet":1,"minecraft:stone_brick_slab":7,"another_furniture:spruce_table":4,"minecraft:campfire":1,"biomesoplenty:high_grass_plant":5,"minecraft:tall_grass":29,"minecraft:copper_ore":1,"minecraft:deepslate_gold_ore":11,"graveyard:small_red_urn":1,"another_furniture:dark_oak_shutter":15,"graveyard:vase_block":10,"minecraft:spruce_log":133,"minecraft:birch_leaves":1,"minecraft:gravel":31,"minecraft:cobweb":6,"minecraft:polished_blackstone":3,"minecraft:stone_bricks":2,"minecraft:gold_ore":3,"minecraft:fern":26,"minecraft:spruce_planks":9,"minecraft:mossy_stone_brick_slab":4,"minecraft:cobbled_deepslate_stairs":1,"armorplus:ore_lava_crystal_stone":17,"minecraft:brewing_stand":1,"minecraft:cave_vines_plant":13,"minecraft:spruce_trapdoor":1,"minecraft:grass_block":337,"minecraft:cracked_polished_blackstone_bricks":2,"armorplus:ore_frost_crystal_stone":6,"minecraft:mossy_cobblestone_slab":1,"minecraft:iron_ore":26,"minecraft:dark_oak_stairs":6,"minecraft:flowering_azalea_leaves":1,"minecraft:iron_bars":8,"minecraft:black_candle":1,"graveyard:small_brown_urn":3,"armorplus:ore_lava_crystal_obsidian":9,"minecraft:azalea":1,"minecraft:cyan_terracotta":188,"minecraft:clay":1,"minecraft:light_gray_terracotta":205,"another_furniture:spruce_chair":4,"minecraft:chest":6,"minecraft:cobblestone":10,"minecraft:birch_wood":2,"graveyard:skeleton_hand":2,"graveyard:lying_skeleton":2,"minecraft:oak_planks":19,"minecraft:iron_door":1,"minecraft:wall_torch":13,"graveyard:gravestone":1,"minecraft:pink_petals":1,"minecraft:seagrass":1,"minecraft:dark_oak_slab":25,"minecraft:dark_oak_door":1,"minecraft:birch_log":12,"biomesoplenty:maple_leaves":87,"graveyard:skull_pile":1,"biomesoplenty:clover":20,"graveyard:creeper_skeleton":1,"minecraft:oak_log":32,"minecraft:dirt":77,"minecraft:wither_skeleton_skull":1,"minecraft:netherrack":17,"minecraft:oak_leaves":2,"minecraft:cyan_candle":2,"minecraft:tuff":2,"minecraft:dark_oak_leaves":3,"minecraft:deepslate_diamond_ore":31,"minecraft:ladder":1,"biomesoplenty:bush":3,"minecraft:decorated_pot":1,"minecraft:spruce_leaves":16,"minecraft:large_fern":14,"minecraft:furnace":3,"minecraft:carrots":23,"minecraft:peony":1,"minecraft:gold_block":1,"minecraft:bookshelf":37,"minecraft:deepslate_iron_ore":34,"minecraft:packed_ice":1,"minecraft:stone":391,"minecraft:podzol":1,"minecraft:stripped_dark_oak_log":8,"minecraft:basalt":1,"minecraft:polished_granite":3,"minecraft:crafting_table":15,"minecraft:rose_bush":1,"minecraft:stone_slab":8,"graveyard:tg_grass_block":2,"biomesoplenty:sprout":3,"biomesoplenty:huge_clover_petal":12,"minecraft:gray_wool":1,"minecraft:birch_planks":9,"graveyard:skull_with_rib_cage":2,"biomesoplenty:mahogany_log":52,"biomesoplenty:yellow_autumn_leaves":116,"biomesoplenty:pink_daffodil":1,"minecraft:sweet_berry_bush":3,"minecraft:ice":1,"minecraft:black_wall_banner":3,"fight_or_die:blood_splash2":28,"minecraft:yellow_bed":6,"minecraft:coal_ore":127,"minecraft:cherry_leaves":2,"graveyard:leaning_skeleton":5,"minecraft:cracked_stone_bricks":3,"minecraft:mossy_stone_bricks":2,"biomesoplenty:redwood_wood":56},"minecraft:broken":{"minecraft:golden_boots":1,"minecraft:iron_boots":1,"minecraft:iron_leggings":1,"minecraft:stone_sword":1,"minecraft:wooden_pickaxe":2,"minecraft:iron_axe":1,"extraweapons:iron_battleaxe":1,"minecraft:stone_axe":1,"extraweapons:throwing_axe":8},"minecraft:used":{"minecraft:moss_block":11,"minecraft:polished_blackstone":4,"minecraft:ladder":7,"minecraft:chest":7,"minecraft:rotten_flesh":4,"minecraft:allium":2,"minecraft:birch_sapling":4,"minecraft:dark_oak_slab":121,"biomesoplenty:yellow_autumn_leaves":6,"minecraft:dark_oak_boat":5,"minecraft:sweet_berries":7,"minecraft:furnace":5,"minecraft:potato":12,"minecraft:wooden_pickaxe":114,"biomesoplenty:flowering_oak_sapling":1,"minecraft:glow_berries":20,"minecraft:blast_furnace":23,"minecraft:zombie_head":2,"graveyard:gravestone":1,"minecraft:diamond_sword":697,"minecraft:fire_charge":1,"minecraft:oak_boat":1,"minecraft:stone_sword":149,"minecraft:armor_stand":1,"graveyard:dark_oak_coffin":9,"graveyard:oak_coffin":2,"minecraft:netherrack":2,"minecraft:torch":117,"minecraft:brewing_stand":1,"minecraft:iron_axe":252,"minecraft:tripwire_hook":1,"minecraft:beef":3,"tombstone:gift":8,"minecraft:cobbled_deepslate":25,"minecraft:calcite":2,"minecraft:wheat_seeds":2,"minecraft:water_bucket":3,"minecraft:birch_planks":17,"minecraft:cracked_stone_bricks":1,"minecraft:polished_blackstone_bricks":2,"minecraft:mossy_cobblestone":3,"minecraft:crafting_table":16,"minecraft:white_bed":7,"minecraft:cod":1,"minecraft:cake":4,"minecraft:spruce_log":21,"minecraft:diamond_pickaxe":1187,"minecraft:oxeye_daisy":1,"minecraft:iron_pickaxe":59,"tombstone:magic_scroll":1,"minecraft:spruce_sapling":1,"jeg:scrap_workbench":1,"minecraft:chiseled_stone_bricks":1,"minecraft:cobblestone":68,"minecraft:cooked_porkchop":29,"minecraft:iron_shovel":387,"minecraft:white_terracotta":2,"minecraft:iron_sword":1,"minecraft:player_head":1,"minecraft:carrot":20,"minecraft:tuff":3,"minecraft:cyan_terracotta":143,"minecraft:item_frame":7,"minecraft:brown_carpet":1,"jeg:revolver":20,"minecraft:skeleton_skull":1,"another_furniture:spruce_chair":7,"minecraft:dark_oak_stairs":10,"minecraft:wither_skeleton_skull":2,"minecraft:stone_pickaxe":125,"minecraft:oak_planks":9,"minecraft:diamond_axe":35,"minecraft:black_banner":4,"minecraft:light_gray_terracotta":154,"minecraft:black_bed":7,"minecraft:shears":218,"minecraft:dark_oak_log":20,"minecraft:cyan_bed":2,"minecraft:bread":65,"minecraft:gravel":2,"minecraft:andesite":2,"graveyard:sarcophagus":1,"biomesoplenty:redwood_planks":48,"minecraft:spruce_planks":7,"minecraft:cooked_chicken":2,"minecraft:dirt":246,"minecraft:spyglass":8,"extraweapons:iron_battleaxe":255,"minecraft:dark_oak_planks":60,"another_furniture:dark_oak_shutter":19,"minecraft:cooked_beef":2,"minecraft:beetroot_soup":1,"minecraft:cooked_mutton":12,"biomesoplenty:maple_leaves":42,"minecraft:pink_tulip":1,"minecraft:baked_potato":17,"minecraft:copper_block":1,"minecraft:spruce_sign":1,"minecraft:stripped_dark_oak_log":1,"minecraft:smoker":3,"minecraft:dark_oak_door":3,"tombstone:bag_of_seeds":2,"minecraft:apple":2,"minecraft:stone_slab":2,"minecraft:stone_axe":142,"minecraft:pink_petals":3,"minecraft:fishing_rod":5,"minecraft:white_banner":1,"minecraft:bucket":4,"minecraft:yellow_bed":4,"another_furniture:spruce_table":7,"minecraft:birch_stairs":25},"minecraft:killed_by":{"minecraft:husk":1,"minecraft:player":1},"minecraft:picked_up":{"minecraft:iron_chestplate":1,"minecraft:stone_slab":8,"biomesoplenty:orange_autumn_sapling":1,"minecraft:enchanted_book":1,"biomesoplenty:maple_leaves":92,"minecraft:brewing_stand":1,"minecraft:string":35,"graveyard:sarcophagus":1,"minecraft:beetroot_soup":1,"minecraft:gold_nugget":2,"minecraft:cobbled_deepslate":57,"minecraft:spruce_planks":29,"biomesoplenty:redwood_wood":42,"minecraft:coal_block":5,"minecraft:dark_oak_door":5,"minecraft:sheaf_pottery_sherd":1,"another_furniture:spruce_chair":4,"minecraft:rabbit_foot":12,"minecraft:brown_carpet":1,"minecraft:stone_sword":2,"minecraft:honey_bottle":8,"graveyard:small_brown_urn":3,"minecraft:cyan_terracotta":248,"minecraft:white_terracotta":64,"minecraft:iron_bars":23,"minecraft:birch_log":74,"minecraft:magma_block":6,"minecraft:mossy_cobblestone_slab":1,"minecraft:feather":12,"minecraft:cooked_beef":3,"minecraft:iron_door":1,"minecraft:brown_wool":3,"minecraft:dark_oak_boat":5,"minecraft:smoker":2,"minecraft:flint":13,"jeg:scrap":31,"minecraft:dark_oak_sign":2,"minecraft:moss_block":35,"armorplus:frost_shard":15,"another_furniture:spruce_table":4,"minecraft:loom":1,"minecraft:fermented_spider_eye":10,"minecraft:dark_oak_log":227,"minecraft:barrel":5,"alexsmobs:animal_dictionary":2,"minecraft:bundle":1,"graveyard:oak_coffin":2,"minecraft:angler_pottery_sherd":1,"bossominium:the_bossdexium":2,"minecraft:granite":1,"minecraft:bread":39,"minecraft:crimson_roots":5,"minecraft:crafting_table":19,"minecraft:shelter_pottery_sherd":1,"minecraft:coarse_dirt":1,"minecraft:clay_ball":44,"minecraft:nether_wart":12,"minecraft:iron_shovel":2,"minecraft:glass_pane":2,"minecraft:cracked_stone_bricks":2,"graveyard:small_black_urn":1,"extraweapons:throwing_axe":8,"minecraft:beef":26,"immersive_armors:wooden_leggings":1,"graveyard:dark_oak_coffin":9,"minecraft:iron_nugget":1,"minecraft:poppy":2,"minecraft:chest":5,"minecraft:birch_sapling":14,"minecraft:egg":1,"fight_or_die:ripping_flesh":30,"minecraft:polished_deepslate_slab":10,"minecraft:carrot":74,"minecraft:redstone":9,"immersive_armors:wooden_helmet":1,"minecraft:peony":1,"jeg:waterpipe_shotgun":1,"minecraft:hay_block":21,"minecraft:gold_ingot":8,"biomesoplenty:redwood_sapling":6,"minecraft:polished_blackstone":6,"minecraft:mutton":38,"minecraft:glow_berries":9,"minecraft:white_wool":8,"minecraft:bone_block":1,"minecraft:oxeye_daisy":1,"minecraft:clock":3,"minecraft:tripwire_hook":1,"minecraft:filled_map":1,"biomesoplenty:orange_autumn_leaves":24,"minecraft:oak_log":67,"minecraft:white_banner":1,"tombstone:gift":1,"minecraft:apple":6,"minecraft:stone_bricks":1,"minecraft:stone_pickaxe":2,"minecraft:cobweb":43,"minecraft:flowering_azalea":2,"minecraft:dark_oak_stairs":6,"minecraft:polished_andesite_stairs":2,"minecraft:dark_oak_slab":26,"minecraft:sweet_berries":7,"minecraft:spyglass":1,"minecraft:gravel":36,"minecraft:birch_stairs":8,"minecraft:spruce_sapling":12,"minecraft:spruce_log":259,"fight_or_die:sickened_heart":3,"biomesoplenty:flowering_oak_sapling":4,"biomesoplenty:mahogany_log":47,"minecraft:snort_pottery_sherd":1,"minecraft:stone_axe":1,"minecraft:diamond_axe":1,"minecraft:gray_wool":1,"minecraft:baked_potato":11,"minecraft:stripped_dark_oak_log":4,"minecraft:wheat":17,"alexscaves:cave_tablet":1,"minecraft:stone_brick_stairs":5,"tombstone:grave_key":3,"minecraft:raw_copper":6,"minecraft:iron_leggings":5,"minecraft:armor_stand":3,"minecraft:sticky_piston":1,"minecraft:zombie_head":2,"biomesoplenty:yellow_autumn_leaves":79,"jeg:revolver":1,"minecraft:light_weighted_pressure_plate":4,"minecraft:white_tulip":1,"minecraft:calcite":2,"minecraft:azalea":3,"minecraft:iron_boots":1,"minecraft:furnace":4,"minecraft:stick":43,"jeg:pistol_ammo":145,"minecraft:torch":78,"minecraft:porkchop":47,"tombstone:grave_dust":23,"minecraft:pointed_dripstone":10,"minecraft:rotten_flesh":63,"biomesoplenty:mahogany_sapling":6,"minecraft:cobblestone":932,"minecraft:cod":1,"minecraft:blaze_powder":3,"minecraft:pink_petals":3,"fight_or_die:springer_fragment":7,"minecraft:magma_cream":10,"minecraft:repeater":2,"minecraft:andesite":21,"minecraft:black_bed":7,"minecraft:potato":5,"minecraft:tuff":7,"minecraft:wither_skeleton_skull":2,"minecraft:dirt":531,"minecraft:lapis_lazuli":41,"alexsmobs:rocky_shell":4,"minecraft:polished_granite":1,"minecraft:name_tag":1,"another_furniture:dark_oak_shutter":15,"minecraft:bone":125,"minecraft:wheat_seeds":117,"minecraft:raw_gold":16,"minecraft:cobbled_deepslate_slab":5,"minecraft:bell":1,"minecraft:birch_wood":67,"minecraft:mossy_stone_bricks":1,"minecraft:bamboo":2,"minecraft:oak_planks":9,"minecraft:mossy_stone_brick_stairs":6,"minecraft:ghast_tear":4,"minecraft:cooked_porkchop":14,"graveyard:bone_dagger":3,"minecraft:sand":1,"minecraft:cyan_bed":2,"minecraft:mossy_cobblestone":4,"minecraft:light_gray_terracotta":212,"minecraft:diamond":44,"minecraft:soul_lantern":2,"minecraft:cracked_polished_blackstone_bricks":1,"minecraft:grass":2,"minecraft:bone_meal":14,"minecraft:golden_apple":2,"minecraft:spruce_sign":4,"minecraft:emerald":5,"minecraft:oak_sapling":6,"minecraft:netherrack":18,"armorplus:lava_shard":113,"minecraft:charcoal":4,"minecraft:cocoa_beans":9,"minecraft:allium":16,"minecraft:chicken":4,"minecraft:ladder":24,"minecraft:wooden_pickaxe":1,"minecraft:gold_block":1,"minecraft:moss_carpet":2,"minecraft:item_frame":8,"graveyard:corruption":33,"graveyard:gravestone":1,"additionaladditions:rose_gold_upgrade":2,"minecraft:player_head":2,"minecraft:light_gray_wool":2,"minecraft:spruce_trapdoor":1,"minecraft:dark_oak_sapling":7,"minecraft:raw_iron":82,"fight_or_die:rotten_brain":5,"minecraft:copper_ingot":85,"minecraft:polished_blackstone_bricks":4,"minecraft:dark_oak_planks":58,"biomesoplenty:redwood_planks":124,"minecraft:arrow":46,"minecraft:stripped_dark_oak_wood":6,"minecraft:pink_tulip":1,"minecraft:black_banner":4,"minecraft:skeleton_skull":2,"minecraft:basalt":1,"minecraft:leather":15,"minecraft:cut_sandstone":1,"minecraft:birch_planks":16,"minecraft:cobbled_deepslate_stairs":1,"minecraft:yellow_bed":6,"minecraft:nether_wart_block":5,"minecraft:gunpowder":72,"minecraft:cooked_mutton":2,"armorplus:lava_crystal":5,"minecraft:iron_ingot":7,"minecraft:cooked_chicken":1,"jeg:tech_trash":10,"minecraft:book":111,"minecraft:black_candle":6,"minecraft:chiseled_stone_bricks":1,"minecraft:stone_brick_slab":6,"minecraft:amethyst_shard":3,"minecraft:soul_torch":1,"minecraft:blast_furnace":22,"minecraft:white_bed":10,"minecraft:mossy_stone_brick_slab":3,"minecraft:spider_eye":1,"immersive_armors:wooden_chestplate":1,"minecraft:iron_helmet":1,"tombstone:magic_scroll":3,"minecraft:coal":295}},"DataVersion":3465}