{"stats":{"minecraft:crafted":{"minecraft:smooth_stone":12,"minecraft:oak_planks":24,"minecraft:dark_oak_boat":1,"minecraft:cooked_chicken":2,"minecraft:stone":19,"minecraft:cooked_mutton":15,"minecraft:dark_oak_door":3,"minecraft:diamond_helmet":1,"minecraft:iron_boots":2,"minecraft:chest":3,"another_furniture:dark_oak_shutter":4,"minecraft:smoker":1,"minecraft:item_frame":2,"minecraft:cooked_porkchop":39,"minecraft:diamond_axe":2,"minecraft:crafting_table":3,"minecraft:spruce_planks":96,"minecraft:iron_helmet":1,"minecraft:wooden_pickaxe":1,"minecraft:baked_potato":12,"minecraft:clock":1,"minecraft:copper_ingot":16,"minecraft:birch_planks":48,"minecraft:dark_oak_slab":114,"minecraft:iron_chestplate":4,"minecraft:diamond_pickaxe":2,"minecraft:stick":136,"minecraft:iron_ingot":90,"minecraft:iron_pickaxe":1,"minecraft:stone_sword":1,"minecraft:gold_ingot":25,"minecraft:birch_stairs":20,"minecraft:shears":1,"extraweapons:throwing_axe":1,"extraweapons:handle":2,"minecraft:smooth_stone_slab":24,"minecraft:furnace":2,"another_furniture:spruce_chair":3,"armorplus:lava_crystal":10,"jeg:scrap_workbench":1,"minecraft:iron_axe":1,"extraweapons:iron_battleaxe":1,"minecraft:ladder":30,"minecraft:spruce_slab":12,"minecraft:stone_pickaxe":2,"minecraft:dark_oak_planks":188,"minecraft:cooked_beef":9,"minecraft:diamond_sword":2,"minecraft:dark_oak_stairs":4,"biomesoplenty:redwood_planks":168,"travelersbackpack:backpack_tank":2,"minecraft:air":0,"jeg:scrap_block":1,"fight_or_die:parascore":1,"another_furniture:spruce_table":3,"minecraft:oak_boat":1,"minecraft:iron_shovel":2,"minecraft:iron_leggings":2,"minecraft:armor_stand":7,"minecraft:torch":128},"minecraft:custom":{"minecraft:interact_with_crafting_table":87,"minecraft:open_barrel":39,"goblintraders:trade_with_goblin":5,"minecraft:eat_cake_slice":22,"minecraft:leave_game":15,"minecraft:time_since_death":1391,"minecraft:sprint_one_cm":598834,"minecraft:drop":226,"minecraft:talked_to_villager":4,"minecraft:play_time":646176,"minecraft:deaths":52,"minecraft:jump":5210,"minecraft:walk_on_water_one_cm":54331,"minecraft:interact_with_furnace":56,"minecraft:interact_with_cartography_table":1,"minecraft:interact_with_loom":1,"minecraft:sleep_in_bed":25,"minecraft:damage_dealt":37984,"minecraft:crouch_one_cm":87495,"tombstone:undead_killed":33,"minecraft:interact_with_smoker":11,"minecraft:mob_kills":245,"minecraft:interact_with_campfire":12,"minecraft:climb_one_cm":74437,"minecraft:walk_one_cm":1858187,"minecraft:sneak_time":27961,"minecraft:walk_under_water_one_cm":24455,"minecraft:boat_one_cm":467767,"minecraft:interact_with_blast_furnace":30,"minecraft:total_world_time":646176,"tombstone:raider_killed":1,"minecraft:interact_with_stonecutter":2,"minecraft:time_since_rest":1,"minecraft:damage_taken":21541,"minecraft:swim_one_cm":31601,"minecraft:fly_one_cm":1009204,"minecraft:open_chest":472,"minecraft:fish_caught":1,"minecraft:fall_one_cm":130056},"minecraft:killed":{"fight_or_die:springer":18,"minecraft:cave_spider":1,"minecraft:spider":5,"minecraft:skeleton":8,"graveyard:acolyte":16,"minecraft:chicken":4,"fight_or_die:mutated_fox":4,"minecraft:pig":24,"fight_or_die:mutated_cow":4,"minecraft:creeper":1,"minecraft:sheep":14,"fight_or_die:mutated_villager":9,"minecraft:zombie":24,"fight_or_die:mutated_player":16,"alexsmobs:fly":1,"minecraft:cow":7,"fight_or_die:mutated_human_head":10,"fight_or_die:mutated_pig":12,"minecraft:vindicator":1,"alexsmobs:seagull":2,"fight_or_die:mutated_human":27,"fight_or_die:mutated_sheep":2,"fight_or_die:shiller":25,"fight_or_die:mutated_villager_head":1,"minecraft:husk":1,"alexsmobs:crow":2,"fight_or_die:mutated_player_head":4},"minecraft:dropped":{"minecraft:moss_block":10,"biomesoplenty:orange_autumn_leaves":22,"minecraft:diamond_axe":2,"minecraft:baked_potato":3,"minecraft:loom":1,"minecraft:dark_oak_sapling":2,"minecraft:mossy_stone_brick_stairs":6,"minecraft:cracked_stone_bricks":1,"jeg:scrap":12,"minecraft:light_weighted_pressure_plate":2,"graveyard:small_black_urn":1,"graveyard:small_brown_urn":3,"minecraft:cracked_polished_blackstone_bricks":1,"minecraft:dirt":98,"minecraft:grass":2,"minecraft:crimson_roots":5,"biomesoplenty:yellow_autumn_leaves":64,"biomesoplenty:flowering_oak_sapling":3,"minecraft:cut_sandstone":1,"minecraft:bone_meal":6,"minecraft:sand":1,"minecraft:polished_blackstone_bricks":2,"minecraft:dark_oak_planks":18,"minecraft:birch_stairs":1,"minecraft:armor_stand":3,"minecraft:gravel":28,"minecraft:dark_oak_door":2,"minecraft:white_tulip":1,"minecraft:stone_axe":1,"minecraft:spyglass":1,"minecraft:cobbled_deepslate":4,"biomesoplenty:redwood_sapling":3,"extraweapons:throwing_axe":1,"minecraft:stripped_dark_oak_log":2,"minecraft:birch_sapling":10,"minecraft:rotten_flesh":12,"biomesoplenty:orange_autumn_sapling":1,"minecraft:mossy_stone_brick_slab":2,"minecraft:honey_bottle":8,"minecraft:cooked_mutton":1,"minecraft:rabbit_foot":8,"minecraft:gunpowder":1,"minecraft:beetroot_seeds":2,"minecraft:azalea":4,"minecraft:ladder":30,"fight_or_die:ripping_flesh":6,"minecraft:basalt":1,"minecraft:iron_bars":14,"biomesoplenty:mahogany_sapling":6,"minecraft:stone_brick_stairs":5,"minecraft:stone_hoe":1,"minecraft:bread":9,"minecraft:wheat_seeds":33,"minecraft:polished_blackstone":2,"minecraft:mossy_cobblestone":1,"minecraft:cobblestone":624,"minecraft:apple":2,"minecraft:granite":1,"biomesoplenty:maple_leaves":26,"minecraft:stick":7,"minecraft:cobweb":26,"minecraft:torch":8,"tombstone:grave_key":3,"minecraft:repeater":2,"minecraft:nether_wart_block":5,"minecraft:diamond_helmet":1,"tombstone:grave_dust":2,"minecraft:iron_leggings":3,"jeg:waterpipe_shotgun":1,"minecraft:flowering_azalea":2,"minecraft:iron_shovel":1,"minecraft:string":9,"minecraft:spruce_sapling":26,"minecraft:stone_brick_slab":3,"minecraft:pink_tulip":2,"minecraft:soul_torch":1,"minecraft:coarse_dirt":1,"minecraft:stone_sword":1,"minecraft:cocoa_beans":1,"minecraft:tuff":2,"minecraft:polished_deepslate_slab":5,"minecraft:clay_ball":4,"minecraft:name_tag":1,"minecraft:cobbled_deepslate_slab":5,"minecraft:pumpkin_seeds":2,"minecraft:stone":26,"minecraft:diamond_sword":1,"minecraft:potato":1,"minecraft:spruce_planks":4,"minecraft:andesite":10,"minecraft:allium":11,"minecraft:bundle":1,"minecraft:iron_chestplate":1,"minecraft:diamond_pickaxe":1,"minecraft:mossy_stone_bricks":1,"minecraft:oak_sapling":2,"minecraft:barrel":5,"minecraft:bamboo":2,"minecraft:stone_pickaxe":1},"minecraft:mined":{"minecraft:dark_oak_planks":44,"minecraft:spruce_planks":5,"minecraft:white_bed":8,"graveyard:small_black_urn":1,"minecraft:cobbled_deepslate_stairs":1,"minecraft:mossy_stone_brick_slab":4,"minecraft:jungle_leaves":2,"armorplus:ore_lava_crystal_stone":17,"minecraft:brewing_stand":1,"minecraft:spruce_trapdoor":1,"minecraft:cave_vines_plant":13,"minecraft:granite":1,"minecraft:grass_block":337,"minecraft:cracked_polished_blackstone_bricks":2,"minecraft:coal_block":5,"armorplus:ore_frost_crystal_stone":6,"minecraft:oxeye_daisy":2,"minecraft:chiseled_stone_bricks":3,"minecraft:spawner":5,"minecraft:magma_block":11,"minecraft:mossy_cobblestone_slab":1,"minecraft:sticky_piston":1,"minecraft:barrel":3,"minecraft:cobbled_deepslate":2,"fight_or_die:blood_splash1":16,"minecraft:iron_ore":26,"minecraft:fire":1,"minecraft:deepslate_lapis_ore":3,"minecraft:stripped_dark_oak_wood":6,"minecraft:dark_oak_stairs":6,"minecraft:cave_vines":14,"minecraft:polished_deepslate_slab":5,"minecraft:flowering_azalea_leaves":1,"minecraft:iron_bars":8,"minecraft:black_candle":1,"graveyard:small_brown_urn":3,"minecraft:pink_tulip":1,"armorplus:ore_lava_crystal_obsidian":9,"minecraft:azalea":1,"minecraft:stripped_mangrove_wood":1,"minecraft:player_head":2,"minecraft:cut_sandstone":13,"minecraft:cyan_terracotta":188,"minecraft:smoker":2,"minecraft:crimson_nylium":1,"minecraft:clay":1,"minecraft:torch":5,"minecraft:light_gray_terracotta":205,"minecraft:blast_furnace":22,"another_furniture:spruce_chair":4,"minecraft:polished_andesite_stairs":2,"minecraft:chest":6,"minecraft:white_stained_glass_pane":1,"minecraft:cobblestone":10,"minecraft:birch_wood":2,"graveyard:skeleton_hand":2,"minecraft:cyan_bed":2,"graveyard:lying_skeleton":2,"minecraft:oak_planks":19,"minecraft:iron_door":1,"graveyard:gravestone":1,"minecraft:wall_torch":13,"minecraft:pink_petals":1,"minecraft:white_terracotta":66,"minecraft:seagrass":1,"minecraft:repeater":1,"graveyard:oak_coffin":2,"minecraft:dark_oak_slab":25,"minecraft:dark_oak_door":1,"minecraft:birch_log":12,"minecraft:wheat":22,"minecraft:lilac":1,"minecraft:black_bed":7,"biomesoplenty:maple_leaves":87,"graveyard:dark_oak_coffin":9,"minecraft:stone_brick_stairs":5,"graveyard:creeper_skeleton":1,"minecraft:grass":174,"biomesoplenty:clover":20,"minecraft:oak_log":32,"minecraft:loom":1,"minecraft:dirt":77,"minecraft:zombie_wall_head":1,"minecraft:wither_skeleton_skull":1,"minecraft:netherrack":17,"minecraft:oak_leaves":2,"minecraft:cyan_candle":2,"minecraft:deepslate":28,"minecraft:suspicious_gravel":1,"biomesoplenty:orange_autumn_leaves":27,"minecraft:tuff":2,"minecraft:light_gray_stained_glass_pane":1,"minecraft:mossy_cobblestone":5,"minecraft:dark_oak_leaves":3,"minecraft:deepslate_diamond_ore":31,"minecraft:dark_oak_log":200,"minecraft:sea_lantern":2,"minecraft:cobbled_deepslate_slab":5,"minecraft:ladder":1,"biomesoplenty:bush":3,"minecraft:allium":7,"minecraft:decorated_pot":1,"graveyard:tg_deepslate":6,"minecraft:redstone_wire":5,"minecraft:spruce_leaves":16,"minecraft:moss_block":16,"minecraft:large_fern":14,"minecraft:black_stained_glass_pane":2,"minecraft:furnace":3,"minecraft:carrots":23,"graveyard:tg_moss_block":1,"minecraft:andesite":12,"minecraft:gold_block":1,"minecraft:peony":1,"minecraft:mossy_stone_brick_stairs":6,"minecraft:bookshelf":37,"minecraft:potatoes":4,"biomesoplenty:high_grass":7,"minecraft:deepslate_iron_ore":34,"minecraft:vine":1,"minecraft:packed_ice":1,"minecraft:stone":391,"minecraft:podzol":1,"minecraft:birch_stairs":7,"biomesoplenty:redwood_planks":6,"jeg:scrap_ore":17,"minecraft:glass_pane":2,"minecraft:brown_carpet":1,"minecraft:stripped_dark_oak_log":2,"minecraft:basalt":1,"minecraft:stone_brick_slab":7,"minecraft:polished_granite":3,"minecraft:crafting_table":15,"another_furniture:spruce_table":4,"minecraft:rose_bush":1,"minecraft:campfire":1,"graveyard:tg_grass_block":2,"minecraft:stone_slab":8,"biomesoplenty:high_grass_plant":5,"minecraft:copper_ore":1,"minecraft:tall_grass":29,"biomesoplenty:sprout":3,"biomesoplenty:huge_clover_petal":12,"minecraft:deepslate_gold_ore":11,"graveyard:small_red_urn":1,"minecraft:birch_planks":9,"another_furniture:dark_oak_shutter":15,"minecraft:gray_wool":1,"graveyard:vase_block":4,"graveyard:skull_with_rib_cage":2,"biomesoplenty:mahogany_log":52,"biomesoplenty:yellow_autumn_leaves":116,"minecraft:black_wall_banner":3,"minecraft:sweet_berry_bush":3,"minecraft:ice":1,"biomesoplenty:pink_daffodil":1,"minecraft:birch_leaves":1,"minecraft:spruce_log":133,"fight_or_die:blood_splash2":28,"minecraft:yellow_bed":6,"minecraft:coal_ore":127,"minecraft:cherry_leaves":2,"minecraft:gravel":31,"graveyard:leaning_skeleton":5,"minecraft:cobweb":5,"minecraft:cracked_stone_bricks":3,"minecraft:polished_blackstone":3,"minecraft:stone_bricks":2,"minecraft:mossy_stone_bricks":2,"minecraft:gold_ore":3,"biomesoplenty:redwood_wood":56,"minecraft:fern":25},"minecraft:broken":{"minecraft:golden_boots":1,"minecraft:iron_boots":1,"minecraft:iron_leggings":1,"minecraft:stone_axe":1,"minecraft:stone_sword":1,"extraweapons:throwing_axe":8,"minecraft:wooden_pickaxe":2,"minecraft:iron_axe":1,"extraweapons:iron_battleaxe":1},"minecraft:used":{"minecraft:moss_block":11,"minecraft:iron_shovel":387,"minecraft:polished_blackstone":4,"minecraft:ladder":7,"minecraft:chest":7,"minecraft:white_terracotta":2,"minecraft:iron_sword":1,"minecraft:player_head":1,"minecraft:rotten_flesh":4,"minecraft:carrot":20,"minecraft:allium":2,"minecraft:tuff":3,"minecraft:cyan_terracotta":143,"minecraft:birch_sapling":4,"minecraft:dark_oak_slab":121,"minecraft:item_frame":7,"biomesoplenty:yellow_autumn_leaves":6,"minecraft:brown_carpet":1,"minecraft:dark_oak_boat":5,"minecraft:sweet_berries":7,"minecraft:furnace":5,"jeg:revolver":20,"minecraft:skeleton_skull":1,"minecraft:potato":12,"another_furniture:spruce_chair":7,"minecraft:dark_oak_stairs":10,"minecraft:wither_skeleton_skull":2,"minecraft:stone_pickaxe":125,"minecraft:oak_planks":9,"minecraft:wooden_pickaxe":114,"minecraft:diamond_axe":22,"biomesoplenty:flowering_oak_sapling":1,"minecraft:glow_berries":20,"minecraft:blast_furnace":23,"minecraft:black_banner":4,"minecraft:light_gray_terracotta":154,"minecraft:black_bed":7,"minecraft:shears":218,"minecraft:dark_oak_log":20,"minecraft:bread":63,"minecraft:zombie_head":2,"minecraft:cyan_bed":2,"graveyard:gravestone":1,"minecraft:gravel":2,"minecraft:diamond_sword":648,"minecraft:fire_charge":1,"minecraft:andesite":2,"minecraft:oak_boat":1,"minecraft:stone_sword":149,"minecraft:armor_stand":1,"biomesoplenty:redwood_planks":48,"graveyard:dark_oak_coffin":8,"minecraft:spruce_planks":7,"minecraft:cooked_chicken":2,"graveyard:oak_coffin":2,"minecraft:netherrack":2,"minecraft:torch":117,"minecraft:dirt":246,"minecraft:spyglass":8,"extraweapons:iron_battleaxe":255,"minecraft:dark_oak_planks":60,"minecraft:iron_axe":252,"another_furniture:dark_oak_shutter":19,"minecraft:tripwire_hook":1,"minecraft:beef":3,"tombstone:gift":8,"minecraft:cooked_beef":2,"minecraft:cobbled_deepslate":25,"minecraft:beetroot_soup":1,"minecraft:calcite":2,"minecraft:wheat_seeds":2,"minecraft:cooked_mutton":12,"minecraft:water_bucket":3,"biomesoplenty:maple_leaves":42,"minecraft:pink_tulip":1,"minecraft:birch_planks":17,"minecraft:baked_potato":17,"minecraft:copper_block":1,"minecraft:spruce_sign":1,"minecraft:polished_blackstone_bricks":2,"minecraft:cracked_stone_bricks":1,"minecraft:mossy_cobblestone":3,"minecraft:stripped_dark_oak_log":1,"minecraft:crafting_table":16,"minecraft:white_bed":7,"minecraft:cod":1,"minecraft:spruce_log":21,"minecraft:dark_oak_door":3,"minecraft:cake":4,"minecraft:smoker":3,"tombstone:bag_of_seeds":2,"minecraft:diamond_pickaxe":1167,"minecraft:apple":2,"minecraft:oxeye_daisy":1,"minecraft:iron_pickaxe":59,"tombstone:magic_scroll":1,"minecraft:stone_slab":2,"minecraft:spruce_sapling":1,"jeg:scrap_workbench":1,"minecraft:chiseled_stone_bricks":1,"minecraft:stone_axe":142,"minecraft:pink_petals":3,"minecraft:fishing_rod":5,"minecraft:cobblestone":68,"minecraft:white_banner":1,"minecraft:cooked_porkchop":29,"minecraft:bucket":4,"minecraft:yellow_bed":4,"another_furniture:spruce_table":7,"minecraft:birch_stairs":25},"minecraft:killed_by":{"minecraft:husk":1,"minecraft:player":1},"minecraft:picked_up":{"minecraft:iron_chestplate":1,"minecraft:wheat":17,"minecraft:stone_slab":8,"alexscaves:cave_tablet":1,"biomesoplenty:orange_autumn_sapling":1,"minecraft:enchanted_book":1,"minecraft:stone_brick_stairs":5,"biomesoplenty:maple_leaves":92,"tombstone:grave_key":3,"minecraft:brewing_stand":1,"minecraft:string":34,"minecraft:raw_copper":6,"minecraft:sticky_piston":1,"minecraft:armor_stand":3,"minecraft:iron_leggings":5,"minecraft:beetroot_soup":1,"minecraft:zombie_head":2,"jeg:revolver":1,"biomesoplenty:yellow_autumn_leaves":79,"minecraft:cobbled_deepslate":55,"minecraft:gold_nugget":2,"minecraft:spruce_planks":21,"minecraft:light_weighted_pressure_plate":4,"minecraft:white_tulip":1,"minecraft:calcite":2,"minecraft:azalea":3,"biomesoplenty:redwood_wood":42,"minecraft:coal_block":5,"minecraft:iron_boots":1,"minecraft:furnace":4,"minecraft:dark_oak_door":5,"minecraft:stick":43,"minecraft:sheaf_pottery_sherd":1,"jeg:pistol_ammo":145,"minecraft:torch":78,"minecraft:porkchop":47,"minecraft:pointed_dripstone":10,"tombstone:grave_dust":23,"another_furniture:spruce_chair":4,"minecraft:rabbit_foot":12,"minecraft:brown_carpet":1,"minecraft:stone_sword":2,"minecraft:honey_bottle":8,"minecraft:rotten_flesh":63,"biomesoplenty:mahogany_sapling":6,"graveyard:small_brown_urn":3,"minecraft:cyan_terracotta":248,"minecraft:white_terracotta":64,"minecraft:iron_bars":23,"minecraft:cod":1,"minecraft:blaze_powder":3,"minecraft:cobblestone":932,"minecraft:repeater":2,"minecraft:birch_log":74,"minecraft:pink_petals":3,"minecraft:magma_block":6,"minecraft:mossy_cobblestone_slab":1,"minecraft:cooked_beef":3,"minecraft:feather":12,"fight_or_die:springer_fragment":7,"minecraft:magma_cream":10,"minecraft:iron_door":1,"minecraft:andesite":21,"minecraft:black_bed":7,"minecraft:brown_wool":3,"minecraft:dark_oak_boat":5,"minecraft:smoker":2,"minecraft:potato":5,"minecraft:flint":13,"minecraft:tuff":7,"jeg:scrap":31,"minecraft:wither_skeleton_skull":2,"alexsmobs:rocky_shell":4,"minecraft:lapis_lazuli":41,"minecraft:dirt":531,"minecraft:polished_granite":1,"minecraft:name_tag":1,"another_furniture:dark_oak_shutter":15,"minecraft:bone":118,"minecraft:wheat_seeds":116,"minecraft:cobbled_deepslate_slab":5,"minecraft:raw_gold":16,"minecraft:bell":1,"minecraft:birch_wood":67,"minecraft:mossy_stone_bricks":1,"minecraft:bamboo":2,"minecraft:moss_block":34,"minecraft:oak_planks":9,"minecraft:mossy_stone_brick_stairs":6,"minecraft:ghast_tear":4,"armorplus:frost_shard":15,"another_furniture:spruce_table":4,"minecraft:cooked_porkchop":14,"minecraft:sand":1,"minecraft:barrel":5,"minecraft:loom":1,"minecraft:fermented_spider_eye":10,"minecraft:cyan_bed":2,"minecraft:dark_oak_log":227,"alexsmobs:animal_dictionary":2,"minecraft:mossy_cobblestone":4,"minecraft:bundle":1,"graveyard:oak_coffin":2,"minecraft:light_gray_terracotta":212,"minecraft:diamond":41,"minecraft:angler_pottery_sherd":1,"minecraft:soul_lantern":2,"bossominium:the_bossdexium":2,"minecraft:cracked_polished_blackstone_bricks":1,"minecraft:bone_meal":9,"minecraft:granite":1,"minecraft:grass":2,"minecraft:golden_apple":2,"minecraft:spruce_sign":4,"minecraft:emerald":5,"minecraft:bread":39,"minecraft:oak_sapling":6,"minecraft:netherrack":18,"minecraft:crimson_roots":5,"minecraft:cocoa_beans":9,"armorplus:lava_shard":113,"minecraft:coarse_dirt":1,"minecraft:charcoal":4,"minecraft:shelter_pottery_sherd":1,"minecraft:crafting_table":19,"minecraft:allium":16,"minecraft:nether_wart":12,"minecraft:chicken":4,"minecraft:ladder":24,"minecraft:clay_ball":44,"minecraft:wooden_pickaxe":1,"minecraft:gold_block":1,"minecraft:moss_carpet":2,"minecraft:item_frame":8,"minecraft:iron_shovel":2,"minecraft:glass_pane":2,"graveyard:corruption":22,"minecraft:cracked_stone_bricks":2,"graveyard:small_black_urn":1,"graveyard:gravestone":1,"extraweapons:throwing_axe":8,"minecraft:beef":26,"additionaladditions:rose_gold_upgrade":2,"graveyard:dark_oak_coffin":8,"immersive_armors:wooden_leggings":1,"minecraft:player_head":2,"minecraft:iron_nugget":1,"minecraft:poppy":2,"minecraft:light_gray_wool":2,"minecraft:chest":5,"minecraft:birch_sapling":14,"minecraft:spruce_trapdoor":1,"minecraft:egg":1,"minecraft:dark_oak_sapling":7,"fight_or_die:ripping_flesh":26,"minecraft:polished_deepslate_slab":5,"minecraft:raw_iron":82,"fight_or_die:rotten_brain":5,"minecraft:copper_ingot":85,"minecraft:polished_blackstone_bricks":4,"minecraft:carrot":74,"minecraft:redstone":9,"minecraft:dark_oak_planks":58,"biomesoplenty:redwood_planks":124,"immersive_armors:wooden_helmet":1,"minecraft:arrow":46,"minecraft:peony":1,"jeg:waterpipe_shotgun":1,"minecraft:hay_block":21,"minecraft:stripped_dark_oak_wood":6,"minecraft:pink_tulip":1,"minecraft:polished_blackstone":6,"minecraft:black_banner":4,"minecraft:gold_ingot":8,"biomesoplenty:redwood_sapling":6,"minecraft:glow_berries":9,"minecraft:mutton":38,"minecraft:skeleton_skull":1,"minecraft:white_wool":8,"minecraft:oxeye_daisy":1,"minecraft:clock":3,"minecraft:basalt":1,"minecraft:tripwire_hook":1,"minecraft:cut_sandstone":1,"minecraft:leather":15,"minecraft:filled_map":1,"minecraft:birch_planks":16,"minecraft:oak_log":67,"biomesoplenty:orange_autumn_leaves":24,"minecraft:nether_wart_block":5,"minecraft:yellow_bed":6,"minecraft:cobbled_deepslate_stairs":1,"minecraft:gunpowder":58,"tombstone:gift":1,"minecraft:white_banner":1,"minecraft:cooked_mutton":2,"armorplus:lava_crystal":5,"minecraft:apple":6,"minecraft:stone_bricks":1,"minecraft:iron_ingot":7,"minecraft:stone_pickaxe":2,"minecraft:cooked_chicken":1,"minecraft:cobweb":34,"minecraft:flowering_azalea":2,"jeg:tech_trash":10,"minecraft:dark_oak_stairs":6,"minecraft:book":111,"minecraft:polished_andesite_stairs":2,"minecraft:dark_oak_slab":26,"minecraft:black_candle":6,"minecraft:sweet_berries":7,"minecraft:chiseled_stone_bricks":1,"minecraft:soul_torch":1,"minecraft:stone_brick_slab":6,"minecraft:amethyst_shard":3,"minecraft:spyglass":1,"minecraft:gravel":36,"minecraft:birch_stairs":8,"minecraft:spruce_sapling":12,"minecraft:blast_furnace":22,"minecraft:white_bed":10,"minecraft:spruce_log":259,"minecraft:mossy_stone_brick_slab":3,"fight_or_die:sickened_heart":3,"minecraft:spider_eye":1,"biomesoplenty:flowering_oak_sapling":4,"biomesoplenty:mahogany_log":47,"minecraft:snort_pottery_sherd":1,"minecraft:stone_axe":1,"immersive_armors:wooden_chestplate":1,"minecraft:iron_helmet":1,"minecraft:diamond_axe":1,"minecraft:gray_wool":1,"minecraft:baked_potato":11,"tombstone:magic_scroll":3,"minecraft:stripped_dark_oak_log":3,"minecraft:coal":295}},"DataVersion":3465}