{"stats":{"minecraft:killed":{"fight_or_die:springer":16,"minecraft:cave_spider":1,"minecraft:spider":5,"minecraft:skeleton":8,"minecraft:chicken":4,"fight_or_die:mutated_fox":4,"minecraft:pig":24,"fight_or_die:mutated_cow":4,"minecraft:creeper":1,"fight_or_die:mutated_villager":8,"minecraft:sheep":10,"minecraft:zombie":21,"fight_or_die:mutated_player":16,"alexsmobs:fly":1,"minecraft:cow":7,"fight_or_die:mutated_human_head":10,"fight_or_die:mutated_pig":11,"minecraft:vindicator":1,"alexsmobs:seagull":2,"fight_or_die:mutated_human":20,"fight_or_die:mutated_sheep":2,"fight_or_die:shiller":21,"fight_or_die:mutated_villager_head":1,"minecraft:husk":1,"alexsmobs:crow":2,"fight_or_die:mutated_player_head":4},"minecraft:used":{"minecraft:moss_block":11,"minecraft:iron_shovel":383,"minecraft:ladder":7,"minecraft:chest":7,"minecraft:white_terracotta":2,"minecraft:iron_sword":1,"minecraft:player_head":1,"minecraft:rotten_flesh":4,"minecraft:allium":1,"minecraft:tuff":3,"minecraft:cyan_terracotta":143,"minecraft:birch_sapling":4,"minecraft:dark_oak_slab":121,"minecraft:item_frame":4,"biomesoplenty:yellow_autumn_leaves":6,"minecraft:sweet_berries":7,"minecraft:furnace":4,"minecraft:skeleton_skull":1,"minecraft:potato":12,"another_furniture:spruce_chair":7,"minecraft:dark_oak_stairs":10,"minecraft:wither_skeleton_skull":1,"minecraft:stone_pickaxe":125,"minecraft:oak_planks":9,"minecraft:wooden_pickaxe":114,"biomesoplenty:flowering_oak_sapling":1,"minecraft:diamond_axe":2,"minecraft:glow_berries":20,"minecraft:black_banner":4,"minecraft:blast_furnace":11,"minecraft:light_gray_terracotta":154,"minecraft:shears":218,"minecraft:dark_oak_log":18,"minecraft:zombie_head":1,"minecraft:bread":35,"minecraft:cyan_bed":2,"graveyard:gravestone":1,"minecraft:gravel":1,"minecraft:diamond_sword":504,"minecraft:fire_charge":1,"minecraft:andesite":2,"minecraft:oak_boat":1,"minecraft:stone_sword":149,"minecraft:armor_stand":1,"biomesoplenty:redwood_planks":46,"minecraft:spruce_planks":7,"minecraft:cooked_chicken":2,"graveyard:oak_coffin":2,"minecraft:netherrack":1,"minecraft:torch":99,"minecraft:dirt":244,"minecraft:spyglass":8,"extraweapons:iron_battleaxe":7,"minecraft:dark_oak_planks":60,"another_furniture:dark_oak_shutter":9,"minecraft:iron_axe":252,"minecraft:tripwire_hook":1,"minecraft:beef":3,"tombstone:gift":6,"minecraft:cooked_beef":2,"minecraft:cobbled_deepslate":25,"minecraft:beetroot_soup":1,"minecraft:calcite":2,"minecraft:wheat_seeds":2,"minecraft:cooked_mutton":12,"minecraft:water_bucket":3,"biomesoplenty:maple_leaves":42,"minecraft:birch_planks":17,"minecraft:baked_potato":17,"minecraft:spruce_sign":1,"minecraft:cracked_stone_bricks":1,"minecraft:mossy_cobblestone":3,"minecraft:crafting_table":9,"minecraft:cod":1,"minecraft:spruce_log":21,"minecraft:cake":2,"minecraft:smoker":1,"minecraft:dark_oak_door":3,"tombstone:bag_of_seeds":2,"minecraft:diamond_pickaxe":1012,"minecraft:apple":2,"minecraft:oxeye_daisy":1,"minecraft:iron_pickaxe":59,"tombstone:magic_scroll":1,"minecraft:stone_slab":2,"minecraft:spruce_sapling":1,"jeg:scrap_workbench":1,"minecraft:stone_axe":142,"minecraft:chiseled_stone_bricks":1,"minecraft:fishing_rod":5,"minecraft:cobblestone":57,"minecraft:white_banner":1,"minecraft:cooked_porkchop":29,"minecraft:bucket":4,"minecraft:yellow_bed":4,"another_furniture:spruce_table":7,"minecraft:birch_stairs":25},"minecraft:custom":{"minecraft:interact_with_crafting_table":81,"minecraft:open_barrel":22,"goblintraders:trade_with_goblin":5,"minecraft:eat_cake_slice":13,"minecraft:leave_game":14,"minecraft:time_since_death":10476,"minecraft:sprint_one_cm":518058,"minecraft:drop":91,"minecraft:play_time":507277,"minecraft:deaths":46,"minecraft:jump":4177,"minecraft:walk_on_water_one_cm":41904,"minecraft:interact_with_furnace":48,"minecraft:interact_with_cartography_table":1,"minecraft:sleep_in_bed":17,"minecraft:damage_dealt":31295,"minecraft:crouch_one_cm":64581,"tombstone:undead_killed":30,"minecraft:interact_with_smoker":10,"minecraft:mob_kills":207,"minecraft:interact_with_campfire":12,"minecraft:climb_one_cm":60093,"minecraft:walk_one_cm":1388274,"minecraft:sneak_time":20007,"minecraft:walk_under_water_one_cm":16369,"minecraft:boat_one_cm":65178,"minecraft:interact_with_blast_furnace":17,"minecraft:total_world_time":507277,"tombstone:raider_killed":1,"minecraft:time_since_rest":10217,"minecraft:damage_taken":18939,"minecraft:swim_one_cm":14423,"minecraft:fly_one_cm":883664,"minecraft:open_chest":415,"minecraft:fish_caught":1,"minecraft:fall_one_cm":108237},"minecraft:picked_up":{"minecraft:wheat":17,"minecraft:stone_slab":8,"alexscaves:cave_tablet":1,"minecraft:enchanted_book":1,"biomesoplenty:maple_leaves":68,"tombstone:grave_key":3,"minecraft:string":18,"minecraft:raw_copper":5,"minecraft:iron_leggings":2,"minecraft:beetroot_soup":1,"minecraft:zombie_head":1,"biomesoplenty:yellow_autumn_leaves":79,"minecraft:cobbled_deepslate":43,"minecraft:gold_nugget":2,"minecraft:spruce_planks":11,"minecraft:light_weighted_pressure_plate":4,"minecraft:white_tulip":1,"minecraft:calcite":2,"minecraft:azalea":3,"biomesoplenty:redwood_wood":42,"minecraft:coal_block":5,"minecraft:furnace":3,"minecraft:dark_oak_door":5,"minecraft:stick":31,"minecraft:sheaf_pottery_sherd":1,"minecraft:torch":59,"minecraft:porkchop":47,"minecraft:pointed_dripstone":10,"tombstone:grave_dust":21,"another_furniture:spruce_chair":4,"minecraft:stone_sword":1,"minecraft:rotten_flesh":51,"minecraft:cyan_terracotta":245,"minecraft:white_terracotta":64,"minecraft:cod":1,"minecraft:cobblestone":734,"minecraft:birch_log":74,"minecraft:magma_block":6,"minecraft:mossy_cobblestone_slab":1,"minecraft:cooked_beef":3,"minecraft:feather":12,"fight_or_die:springer_fragment":7,"minecraft:andesite":20,"minecraft:brown_wool":3,"minecraft:potato":5,"minecraft:flint":13,"minecraft:tuff":6,"jeg:scrap":19,"minecraft:wither_skeleton_skull":2,"alexsmobs:rocky_shell":4,"minecraft:lapis_lazuli":18,"minecraft:dirt":524,"another_furniture:dark_oak_shutter":5,"minecraft:bone":72,"minecraft:wheat_seeds":103,"minecraft:raw_gold":16,"minecraft:bell":1,"minecraft:birch_wood":67,"minecraft:mossy_stone_bricks":1,"minecraft:moss_block":24,"minecraft:oak_planks":9,"armorplus:frost_shard":15,"another_furniture:spruce_table":4,"minecraft:cooked_porkchop":14,"minecraft:cyan_bed":2,"minecraft:dark_oak_log":54,"alexsmobs:animal_dictionary":2,"minecraft:mossy_cobblestone":4,"minecraft:bundle":1,"graveyard:oak_coffin":2,"minecraft:light_gray_terracotta":197,"minecraft:diamond":41,"minecraft:angler_pottery_sherd":1,"bossominium:the_bossdexium":2,"minecraft:grass":2,"minecraft:golden_apple":2,"minecraft:spruce_sign":4,"minecraft:emerald":5,"minecraft:bread":39,"minecraft:oak_sapling":6,"minecraft:netherrack":17,"armorplus:lava_shard":111,"minecraft:coarse_dirt":1,"minecraft:charcoal":4,"minecraft:shelter_pottery_sherd":1,"minecraft:crafting_table":11,"minecraft:allium":15,"minecraft:clay_ball":40,"minecraft:chicken":4,"minecraft:ladder":24,"minecraft:wooden_pickaxe":1,"minecraft:gold_block":1,"minecraft:moss_carpet":2,"minecraft:item_frame":7,"minecraft:iron_shovel":1,"minecraft:cracked_stone_bricks":2,"graveyard:gravestone":1,"minecraft:beef":18,"additionaladditions:rose_gold_upgrade":2,"immersive_armors:wooden_leggings":1,"minecraft:player_head":2,"minecraft:iron_nugget":1,"minecraft:poppy":2,"minecraft:light_gray_wool":2,"minecraft:chest":4,"minecraft:birch_sapling":14,"minecraft:egg":1,"minecraft:dark_oak_sapling":4,"fight_or_die:ripping_flesh":23,"minecraft:raw_iron":76,"fight_or_die:rotten_brain":5,"minecraft:copper_ingot":65,"minecraft:carrot":3,"minecraft:redstone":2,"minecraft:dark_oak_planks":56,"biomesoplenty:redwood_planks":122,"immersive_armors:wooden_helmet":1,"minecraft:arrow":46,"minecraft:peony":1,"minecraft:hay_block":21,"minecraft:stripped_dark_oak_wood":6,"minecraft:black_banner":4,"minecraft:gold_ingot":8,"biomesoplenty:redwood_sapling":6,"minecraft:glow_berries":9,"minecraft:mutton":15,"minecraft:skeleton_skull":1,"minecraft:white_wool":5,"minecraft:oxeye_daisy":1,"minecraft:basalt":1,"minecraft:clock":2,"minecraft:tripwire_hook":1,"minecraft:leather":15,"minecraft:filled_map":1,"minecraft:birch_planks":11,"biomesoplenty:orange_autumn_leaves":22,"minecraft:oak_log":66,"minecraft:yellow_bed":6,"minecraft:cobbled_deepslate_stairs":1,"minecraft:gunpowder":5,"minecraft:white_banner":1,"minecraft:cooked_mutton":1,"minecraft:apple":4,"minecraft:stone_bricks":1,"minecraft:iron_ingot":4,"minecraft:stone_pickaxe":2,"minecraft:cooked_chicken":1,"minecraft:cobweb":8,"jeg:tech_trash":1,"minecraft:flowering_azalea":2,"minecraft:dark_oak_stairs":6,"minecraft:book":99,"minecraft:polished_andesite_stairs":2,"minecraft:dark_oak_slab":26,"minecraft:black_candle":6,"minecraft:sweet_berries":7,"minecraft:chiseled_stone_bricks":1,"minecraft:spyglass":1,"minecraft:gravel":35,"minecraft:birch_stairs":8,"minecraft:spruce_sapling":12,"minecraft:blast_furnace":19,"minecraft:white_bed":4,"minecraft:spruce_log":145,"minecraft:mossy_stone_brick_slab":2,"fight_or_die:sickened_heart":3,"minecraft:spider_eye":1,"biomesoplenty:flowering_oak_sapling":4,"minecraft:snort_pottery_sherd":1,"minecraft:stone_axe":1,"immersive_armors:wooden_chestplate":1,"minecraft:diamond_axe":1,"tombstone:magic_scroll":3,"minecraft:baked_potato":11,"minecraft:coal":225},"minecraft:dropped":{"biomesoplenty:orange_autumn_leaves":20,"minecraft:diamond_axe":2,"minecraft:baked_potato":3,"minecraft:dark_oak_sapling":2,"minecraft:cracked_stone_bricks":1,"minecraft:light_weighted_pressure_plate":2,"minecraft:grass":2,"biomesoplenty:flowering_oak_sapling":3,"minecraft:dark_oak_planks":7,"minecraft:birch_stairs":1,"minecraft:dark_oak_door":2,"minecraft:white_tulip":1,"minecraft:stone_axe":1,"minecraft:spyglass":1,"biomesoplenty:redwood_sapling":3,"minecraft:birch_sapling":10,"minecraft:mossy_stone_brick_slab":2,"minecraft:cooked_mutton":1,"minecraft:gunpowder":1,"minecraft:beetroot_seeds":2,"minecraft:azalea":4,"minecraft:ladder":30,"fight_or_die:ripping_flesh":3,"minecraft:basalt":1,"minecraft:bread":9,"minecraft:stone_hoe":1,"minecraft:wheat_seeds":32,"minecraft:mossy_cobblestone":1,"minecraft:cobblestone":230,"minecraft:apple":1,"biomesoplenty:maple_leaves":2,"minecraft:torch":8,"tombstone:grave_key":3,"minecraft:diamond_helmet":1,"minecraft:iron_leggings":2,"minecraft:flowering_azalea":2,"minecraft:spruce_sapling":26,"minecraft:pink_tulip":2,"minecraft:stone_sword":1,"minecraft:cocoa_beans":1,"minecraft:tuff":1,"minecraft:pumpkin_seeds":2,"minecraft:diamond_sword":1,"minecraft:potato":1,"minecraft:allium":11,"minecraft:bundle":1,"minecraft:iron_chestplate":1,"minecraft:diamond_pickaxe":1,"minecraft:mossy_stone_bricks":1,"minecraft:oak_sapling":2,"minecraft:stone_pickaxe":1},"minecraft:mined":{"minecraft:dark_oak_planks":44,"minecraft:spruce_planks":1,"minecraft:cobbled_deepslate_stairs":1,"minecraft:mossy_stone_brick_slab":2,"armorplus:ore_lava_crystal_stone":16,"minecraft:cave_vines_plant":13,"minecraft:grass_block":334,"minecraft:coal_block":5,"armorplus:ore_frost_crystal_stone":6,"minecraft:oxeye_daisy":1,"minecraft:chiseled_stone_bricks":3,"minecraft:spawner":4,"minecraft:magma_block":11,"minecraft:mossy_cobblestone_slab":1,"fight_or_die:blood_splash1":16,"minecraft:iron_ore":25,"minecraft:fire":1,"minecraft:deepslate_lapis_ore":3,"minecraft:stripped_dark_oak_wood":6,"minecraft:dark_oak_stairs":6,"minecraft:cave_vines":14,"minecraft:flowering_azalea_leaves":1,"minecraft:black_candle":1,"armorplus:ore_lava_crystal_obsidian":9,"minecraft:azalea":1,"minecraft:stripped_mangrove_wood":1,"minecraft:player_head":2,"minecraft:cyan_terracotta":188,"minecraft:clay":1,"minecraft:torch":4,"minecraft:light_gray_terracotta":190,"minecraft:blast_furnace":19,"another_furniture:spruce_chair":4,"minecraft:polished_andesite_stairs":2,"minecraft:chest":4,"minecraft:cobblestone":10,"minecraft:birch_wood":2,"minecraft:cyan_bed":2,"graveyard:lying_skeleton":1,"minecraft:oak_planks":19,"graveyard:gravestone":1,"minecraft:wall_torch":9,"minecraft:seagrass":1,"minecraft:white_terracotta":66,"graveyard:oak_coffin":2,"minecraft:dark_oak_slab":25,"minecraft:dark_oak_door":1,"minecraft:birch_log":12,"minecraft:wheat":22,"minecraft:lilac":1,"biomesoplenty:maple_leaves":87,"minecraft:grass":151,"minecraft:oak_log":32,"minecraft:dirt":70,"minecraft:wither_skeleton_skull":1,"minecraft:netherrack":17,"minecraft:oak_leaves":2,"minecraft:cyan_candle":2,"minecraft:deepslate":28,"minecraft:suspicious_gravel":1,"biomesoplenty:orange_autumn_leaves":27,"minecraft:tuff":2,"minecraft:mossy_cobblestone":5,"minecraft:deepslate_diamond_ore":31,"minecraft:dark_oak_log":37,"minecraft:ladder":1,"biomesoplenty:bush":3,"minecraft:allium":7,"minecraft:decorated_pot":1,"minecraft:spruce_leaves":15,"minecraft:moss_block":10,"minecraft:large_fern":11,"minecraft:black_stained_glass_pane":2,"minecraft:furnace":2,"minecraft:carrots":3,"minecraft:andesite":12,"minecraft:gold_block":1,"minecraft:peony":1,"minecraft:bookshelf":33,"minecraft:potatoes":4,"biomesoplenty:high_grass":5,"minecraft:deepslate_iron_ore":34,"minecraft:stone":368,"minecraft:birch_stairs":7,"minecraft:glass_pane":2,"jeg:scrap_ore":7,"minecraft:basalt":1,"minecraft:polished_granite":1,"minecraft:crafting_table":8,"another_furniture:spruce_table":4,"minecraft:campfire":1,"minecraft:stone_slab":8,"biomesoplenty:high_grass_plant":4,"minecraft:copper_ore":1,"minecraft:tall_grass":21,"biomesoplenty:sprout":2,"minecraft:deepslate_gold_ore":11,"minecraft:birch_planks":9,"another_furniture:dark_oak_shutter":5,"minecraft:gray_wool":1,"biomesoplenty:pink_daffodil":1,"biomesoplenty:yellow_autumn_leaves":116,"minecraft:ice":1,"minecraft:sweet_berry_bush":3,"minecraft:black_wall_banner":3,"minecraft:birch_leaves":1,"minecraft:spruce_log":132,"fight_or_die:blood_splash2":28,"minecraft:yellow_bed":6,"minecraft:coal_ore":123,"minecraft:gravel":30,"graveyard:leaning_skeleton":1,"minecraft:cracked_stone_bricks":2,"minecraft:stone_bricks":1,"minecraft:mossy_stone_bricks":2,"minecraft:gold_ore":3,"biomesoplenty:redwood_wood":56,"minecraft:fern":23},"minecraft:killed_by":{"minecraft:husk":1,"minecraft:player":1},"minecraft:crafted":{"minecraft:smooth_stone":12,"minecraft:oak_planks":24,"minecraft:cooked_chicken":2,"minecraft:stone":19,"minecraft:cooked_mutton":15,"minecraft:dark_oak_door":3,"minecraft:diamond_helmet":1,"minecraft:iron_boots":2,"minecraft:chest":3,"another_furniture:dark_oak_shutter":4,"minecraft:smoker":1,"minecraft:item_frame":2,"minecraft:cooked_porkchop":33,"minecraft:diamond_axe":1,"minecraft:crafting_table":2,"minecraft:spruce_planks":96,"minecraft:iron_helmet":1,"minecraft:wooden_pickaxe":1,"minecraft:baked_potato":12,"minecraft:clock":1,"minecraft:copper_ingot":15,"minecraft:birch_planks":48,"minecraft:dark_oak_slab":114,"minecraft:iron_chestplate":4,"minecraft:diamond_pickaxe":2,"minecraft:stick":136,"minecraft:iron_ingot":84,"minecraft:iron_pickaxe":1,"minecraft:stone_sword":1,"minecraft:gold_ingot":25,"minecraft:birch_stairs":20,"minecraft:shears":1,"minecraft:smooth_stone_slab":24,"minecraft:furnace":2,"another_furniture:spruce_chair":3,"armorplus:lava_crystal":8,"jeg:scrap_workbench":1,"minecraft:iron_axe":1,"extraweapons:iron_battleaxe":1,"minecraft:ladder":30,"minecraft:spruce_slab":12,"minecraft:stone_pickaxe":2,"minecraft:dark_oak_planks":168,"minecraft:cooked_beef":9,"minecraft:diamond_sword":2,"minecraft:dark_oak_stairs":4,"biomesoplenty:redwood_planks":168,"travelersbackpack:backpack_tank":2,"minecraft:air":0,"jeg:scrap_block":1,"fight_or_die:parascore":1,"another_furniture:spruce_table":3,"minecraft:oak_boat":1,"minecraft:iron_shovel":2,"minecraft:iron_leggings":2,"minecraft:armor_stand":7,"minecraft:torch":128},"minecraft:broken":{"minecraft:golden_boots":1,"minecraft:iron_boots":1,"minecraft:iron_leggings":1,"minecraft:stone_axe":1,"minecraft:stone_sword":1,"minecraft:wooden_pickaxe":2,"minecraft:iron_axe":1}},"DataVersion":3465}