{"stats":{"minecraft:mined":{"minecraft:grass":5,"minecraft:oak_log":5,"minecraft:flowering_azalea_leaves":1,"graveyard:oak_coffin":1,"minecraft:mossy_stone_brick_slab":2,"minecraft:basalt":1,"biomesoplenty:sprout":2,"graveyard:gravestone":1,"minecraft:crafting_table":2},"minecraft:custom":{"minecraft:time_since_rest":11117,"minecraft:open_chest":2,"minecraft:crouch_one_cm":355,"minecraft:play_time":11117,"minecraft:sprint_one_cm":9650,"minecraft:damage_taken":50,"minecraft:walk_one_cm":17429,"minecraft:sneak_time":114,"minecraft:jump":77,"minecraft:leave_game":1,"minecraft:time_since_death":11117,"minecraft:total_world_time":11117,"minecraft:interact_with_crafting_table":2,"minecraft:fall_one_cm":2154,"minecraft:fly_one_cm":17529},"minecraft:used":{"minecraft:crafting_table":1,"graveyard:gravestone":1,"minecraft:wooden_pickaxe":4},"minecraft:picked_up":{"minecraft:stick":2,"minecraft:crafting_table":2,"minecraft:basalt":1,"graveyard:gravestone":1,"minecraft:oak_log":5,"minecraft:mossy_stone_brick_slab":2},"minecraft:crafted":{"minecraft:oak_planks":20,"minecraft:crafting_table":1,"minecraft:stick":8,"minecraft:wooden_pickaxe":1}},"DataVersion":3465}