{"stats":{"minecraft:picked_up":{"minecraft:gravel":1,"minecraft:sand":1,"minecraft:oak_log":1,"minecraft:oak_sapling":2,"minecraft:mutton":1,"minecraft:white_wool":1},"minecraft:killed":{"minecraft:sheep":1},"minecraft:custom":{"minecraft:time_since_rest":5764,"minecraft:deaths":1,"minecraft:play_time":15303,"minecraft:sprint_one_cm":19034,"minecraft:damage_taken":240,"minecraft:walk_one_cm":8601,"minecraft:mob_kills":1,"minecraft:jump":159,"minecraft:damage_dealt":96,"minecraft:time_since_death":0,"minecraft:total_world_time":15303,"minecraft:fly_one_cm":45764,"minecraft:fall_one_cm":5733},"minecraft:used":{"minecraft:gravel":1},"minecraft:crafted":{"minecraft:oak_planks":4},"minecraft:mined":{"biomesoplenty:sea_oats":1,"minecraft:grass":1,"minecraft:oak_log":1,"minecraft:gravel":1,"minecraft:sand":1,"minecraft:oak_leaves":3}},"DataVersion":3465}