{"stats":{"minecraft:picked_up":{"minecraft:gravel":1,"minecraft:sand":1,"minecraft:oak_log":1,"minecraft:oak_sapling":2,"minecraft:mutton":1,"minecraft:white_wool":1},"minecraft:killed":{"minecraft:sheep":1},"minecraft:custom":{"minecraft:open_barrel":2,"minecraft:time_since_rest":2064,"minecraft:deaths":1,"minecraft:play_time":23241,"minecraft:sprint_one_cm":39494,"minecraft:damage_taken":405,"minecraft:walk_one_cm":11824,"minecraft:sneak_time":2,"minecraft:walk_under_water_one_cm":187,"minecraft:mob_kills":1,"minecraft:jump":271,"minecraft:damage_dealt":120,"minecraft:leave_game":1,"minecraft:walk_on_water_one_cm":311,"minecraft:time_since_death":4463,"minecraft:total_world_time":23241,"minecraft:swim_one_cm":2572,"minecraft:fly_one_cm":74804,"minecraft:fall_one_cm":10151},"minecraft:used":{"minecraft:cod":1,"minecraft:gravel":1},"minecraft:crafted":{"minecraft:oak_planks":4},"minecraft:mined":{"biomesoplenty:sea_oats":4,"minecraft:grass":1,"minecraft:oak_log":1,"minecraft:gravel":1,"minecraft:sand":1,"minecraft:oak_leaves":3}},"DataVersion":3465}