{"stats":{"minecraft:mined":{"minecraft:oak_log":6},"minecraft:custom":{"minecraft:jump":5,"minecraft:time_since_rest":7631,"minecraft:damage_dealt":10,"minecraft:sprint_one_cm":3394,"minecraft:play_time":7631,"minecraft:time_since_death":7631,"minecraft:walk_one_cm":4407,"minecraft:total_world_time":7631,"minecraft:fall_one_cm":1254,"minecraft:interact_with_crafting_table":3,"minecraft:fly_one_cm":647},"minecraft:used":{"alexsmobs:animal_dictionary":1,"minecraft:crafting_table":1,"minecraft:oak_sapling":2},"minecraft:picked_up":{"minecraft:stick":2,"minecraft:oak_log":6,"minecraft:oak_sapling":2},"minecraft:crafted":{"minecraft:crafting_table":1,"minecraft:oak_planks":24,"minecraft:wooden_axe":1}},"DataVersion":3465}