{"stats":{"minecraft:picked_up":{"minecraft:crafting_table":1,"minecraft:iron_chestplate":1,"minecraft:coarse_dirt":1,"minecraft:chicken":1,"minecraft:ladder":32,"minecraft:clay_ball":20,"minecraft:diamond_sword":1,"minecraft:stone_slab":1,"minecraft:raw_copper":30,"minecraft:iron_leggings":1,"minecraft:zombie_head":1,"minecraft:light_weighted_pressure_plate":1,"minecraft:beef":6,"minecraft:calcite":27,"minecraft:poppy":2,"minecraft:birch_sapling":27,"minecraft:furnace":1,"minecraft:dark_oak_door":2,"minecraft:dark_oak_sapling":4,"fight_or_die:ripping_flesh":1,"minecraft:stick":52,"minecraft:raw_iron":1,"minecraft:composter":1,"minecraft:torch":9,"minecraft:porkchop":3,"tombstone:grave_dust":2,"minecraft:carrot":9,"minecraft:dark_oak_planks":6,"minecraft:rotten_flesh":8,"minecraft:hay_block":21,"minecraft:cyan_terracotta":16,"minecraft:pink_tulip":2,"minecraft:cobblestone":324,"minecraft:birch_log":74,"fight_or_die:springer_fragment":1,"minecraft:feather":1,"minecraft:cooked_beef":3,"minecraft:leather":5,"minecraft:potato":43,"minecraft:birch_planks":11,"minecraft:flint":1,"minecraft:oak_log":104,"minecraft:yellow_bed":3,"minecraft:dirt":103,"minecraft:apple":7,"minecraft:wheat_seeds":6,"minecraft:birch_wood":24,"minecraft:cobweb":3,"minecraft:iron_ingot":5,"minecraft:mossy_stone_bricks":2,"minecraft:diamond_helmet":1,"minecraft:oak_planks":19,"minecraft:flowering_azalea":2,"armorplus:frost_shard":4,"minecraft:gravel":7,"minecraft:birch_stairs":19,"minecraft:sand":18,"minecraft:spruce_sapling":24,"minecraft:white_bed":3,"minecraft:spruce_log":195,"minecraft:dark_oak_log":36,"minecraft:mossy_cobblestone":18,"biomesoplenty:flowering_oak_sapling":6,"graveyard:oak_coffin":1,"minecraft:diamond_axe":2,"minecraft:bone_meal":3,"minecraft:baked_potato":7,"minecraft:oak_sapling":26,"minecraft:coal":32,"minecraft:diamond_pickaxe":2},"minecraft:mined":{"minecraft:dark_oak_planks":4,"minecraft:white_bed":4,"minecraft:mossy_cobblestone":18,"minecraft:dark_oak_log":40,"biomesoplenty:bush":3,"minecraft:grass_block":68,"minecraft:jungle_planks":1,"minecraft:composter":1,"armorplus:ore_frost_crystal_stone":2,"minecraft:large_fern":1,"minecraft:hay_block":23,"minecraft:furnace":2,"minecraft:carrots":3,"fight_or_die:blood_splash1":1,"minecraft:iron_ore":1,"minecraft:potatoes":21,"minecraft:dirt_path":1,"minecraft:pink_tulip":2,"minecraft:stone":327,"minecraft:birch_stairs":18,"minecraft:cyan_terracotta":16,"minecraft:clay":5,"minecraft:crafting_table":1,"minecraft:calcite":32,"minecraft:stone_slab":1,"minecraft:copper_ore":9,"minecraft:cobblestone":16,"minecraft:birch_wood":62,"minecraft:oak_planks":11,"minecraft:light_weighted_pressure_plate":1,"minecraft:birch_planks":9,"minecraft:coarse_dirt":1,"minecraft:birch_log":74,"minecraft:spruce_log":198,"minecraft:yellow_bed":3,"minecraft:grass":8,"minecraft:oak_log":108,"minecraft:coal_ore":25,"minecraft:gravel":8,"minecraft:sand":19,"minecraft:dirt":37,"minecraft:crimson_planks":1,"minecraft:mossy_stone_bricks":2,"biomesoplenty:redwood_wood":1,"minecraft:oak_leaves":3,"minecraft:fern":1},"minecraft:broken":{"minecraft:stone_axe":1,"minecraft:iron_pickaxe":1,"minecraft:wooden_axe":1},"minecraft:dropped":{"minecraft:bread":33,"minecraft:iron_ingot":4,"minecraft:diamond_axe":1,"minecraft:clock":1,"minecraft:baked_potato":7,"minecraft:dirt":3,"tombstone:grave_key":1,"biomesoplenty:flowering_oak_sapling":3,"minecraft:iron_leggings":1,"minecraft:dark_oak_planks":4,"minecraft:birch_sapling":27,"minecraft:rotten_flesh":16,"minecraft:diamond_pickaxe":1,"minecraft:mossy_stone_bricks":2,"minecraft:oak_sapling":21,"minecraft:wooden_pickaxe":1,"minecraft:stone_pickaxe":1},"minecraft:used":{"minecraft:peony":1,"minecraft:moss_carpet":2,"minecraft:stone_sword":60,"minecraft:ladder":11,"minecraft:chest":2,"minecraft:iron_sword":1,"minecraft:cooked_chicken":2,"minecraft:stone_hoe":18,"minecraft:torch":19,"minecraft:dirt":61,"minecraft:carrot":12,"minecraft:wooden_axe":64,"minecraft:cyan_terracotta":1,"minecraft:light_weighted_pressure_plate":3,"minecraft:iron_axe":266,"minecraft:iron_helmet":1,"minecraft:iron_boots":1,"minecraft:oak_sapling":6,"minecraft:furnace":1,"tombstone:gift":2,"minecraft:potato":64,"minecraft:cooked_beef":2,"minecraft:dark_oak_sapling":4,"minecraft:calcite":1,"minecraft:wheat_seeds":43,"minecraft:water_bucket":6,"minecraft:birch_planks":1,"minecraft:stone_pickaxe":82,"minecraft:oak_planks":15,"minecraft:wooden_pickaxe":5,"minecraft:composter":1,"minecraft:mossy_cobblestone":18,"minecraft:crafting_table":4,"minecraft:white_bed":1,"minecraft:campfire":1,"minecraft:spruce_log":56,"minecraft:dark_oak_door":2,"minecraft:oak_log":60,"minecraft:diamond_pickaxe":125,"minecraft:apple":6,"minecraft:bread":8,"minecraft:iron_pickaxe":250,"minecraft:stone_slab":1,"minecraft:spruce_sapling":9,"minecraft:stone_axe":252,"minecraft:diamond_sword":17,"minecraft:cobblestone":56,"minecraft:bucket":6,"minecraft:birch_log":2,"minecraft:glass_pane":14,"minecraft:yellow_bed":3,"alexsmobs:animal_dictionary":1,"minecraft:bone_meal":3},"minecraft:crafted":{"minecraft:oak_planks":28,"minecraft:coal":5,"minecraft:cooked_chicken":2,"minecraft:glass_pane":16,"minecraft:glass":18,"minecraft:iron_axe":2,"minecraft:stone_pickaxe":1,"minecraft:chest":2,"minecraft:stone_hoe":1,"minecraft:wheat":189,"minecraft:diamond_sword":2,"minecraft:crafting_table":3,"minecraft:wooden_pickaxe":1,"minecraft:iron_sword":1,"minecraft:copper_ingot":50,"minecraft:bucket":2,"minecraft:birch_planks":68,"minecraft:campfire":1,"minecraft:stone_axe":2,"minecraft:bread":68,"minecraft:air":0,"minecraft:diamond_pickaxe":2,"minecraft:shield":1,"minecraft:stick":12,"minecraft:flint":6,"minecraft:iron_ingot":5,"minecraft:iron_pickaxe":1,"minecraft:wooden_axe":1,"minecraft:stone_sword":1,"minecraft:torch":4},"minecraft:custom":{"minecraft:mob_kills":6,"minecraft:interact_with_crafting_table":36,"goblintraders:trade_with_goblin":33,"minecraft:leave_game":10,"minecraft:time_since_death":5678,"minecraft:climb_one_cm":37193,"minecraft:sprint_one_cm":148344,"minecraft:walk_one_cm":335680,"minecraft:drop":80,"minecraft:talked_to_villager":1,"minecraft:play_time":277620,"minecraft:deaths":6,"minecraft:sneak_time":1854,"minecraft:walk_under_water_one_cm":5067,"minecraft:boat_one_cm":50802,"minecraft:jump":933,"minecraft:interact_with_blast_furnace":2,"minecraft:walk_on_water_one_cm":10533,"minecraft:total_world_time":277620,"minecraft:interact_with_furnace":13,"minecraft:sleep_in_bed":10,"minecraft:time_since_rest":4642,"minecraft:damage_taken":2655,"minecraft:damage_dealt":1964,"minecraft:swim_one_cm":10264,"minecraft:fly_one_cm":264287,"minecraft:player_kills":1,"minecraft:open_chest":66,"minecraft:crouch_one_cm":1059,"minecraft:fall_one_cm":23694},"minecraft:killed":{"minecraft:chicken":1,"minecraft:pig":2,"minecraft:iron_golem":1,"minecraft:cow":2}},"DataVersion":3465}