{"stats":{"minecraft:killed":{"fight_or_die:mutated_pig":1,"minecraft:chicken":1,"minecraft:pig":2,"minecraft:iron_golem":1,"minecraft:cow":2},"minecraft:used":{"minecraft:peony":1,"minecraft:moss_carpet":2,"minecraft:iron_shovel":104,"minecraft:stone_sword":60,"biomesoplenty:redwood_planks":7,"minecraft:ladder":11,"minecraft:chest":2,"minecraft:iron_sword":1,"minecraft:cooked_chicken":2,"minecraft:stone_hoe":78,"minecraft:iron_chestplate":2,"minecraft:torch":36,"minecraft:dirt":156,"minecraft:spyglass":31,"minecraft:carrot":76,"minecraft:diamond_helmet":1,"minecraft:wooden_axe":64,"minecraft:cyan_terracotta":1,"minecraft:lantern":1,"minecraft:light_weighted_pressure_plate":3,"minecraft:iron_axe":277,"minecraft:iron_helmet":1,"minecraft:iron_boots":1,"immersive_armors:wooden_chestplate":2,"minecraft:red_carpet":1,"minecraft:oak_sapling":6,"minecraft:furnace":1,"tombstone:gift":2,"minecraft:potato":135,"minecraft:cooked_beef":2,"immersive_armors:wooden_helmet":1,"minecraft:iron_leggings":1,"minecraft:dark_oak_sapling":4,"minecraft:calcite":1,"minecraft:wheat_seeds":43,"minecraft:water_bucket":7,"minecraft:birch_planks":1,"minecraft:stone_pickaxe":82,"minecraft:oak_planks":15,"minecraft:wooden_pickaxe":5,"minecraft:composter":2,"minecraft:mossy_cobblestone":18,"minecraft:crafting_table":5,"minecraft:white_bed":1,"minecraft:campfire":1,"minecraft:spruce_log":56,"minecraft:dark_oak_door":2,"minecraft:oak_log":60,"minecraft:diamond_pickaxe":467,"minecraft:apple":6,"minecraft:bread":38,"minecraft:iron_pickaxe":250,"minecraft:stone_slab":1,"minecraft:spruce_sapling":9,"minecraft:stone_axe":252,"immersive_armors:wooden_boots":1,"minecraft:diamond_sword":31,"minecraft:cobblestone":142,"minecraft:bucket":6,"minecraft:birch_log":2,"minecraft:glass_pane":14,"minecraft:yellow_bed":3,"alexsmobs:animal_dictionary":1,"immersive_armors:wooden_leggings":1,"minecraft:bone_meal":3},"minecraft:custom":{"minecraft:mob_kills":7,"minecraft:interact_with_crafting_table":43,"minecraft:open_barrel":12,"goblintraders:trade_with_goblin":33,"minecraft:eat_cake_slice":2,"minecraft:leave_game":13,"minecraft:time_since_death":186486,"minecraft:climb_one_cm":59134,"minecraft:sprint_one_cm":187977,"minecraft:walk_one_cm":575632,"minecraft:drop":144,"minecraft:talked_to_villager":1,"minecraft:play_time":458428,"minecraft:deaths":6,"minecraft:sneak_time":3324,"minecraft:walk_under_water_one_cm":8907,"minecraft:boat_one_cm":50802,"minecraft:jump":1147,"minecraft:interact_with_blast_furnace":5,"minecraft:walk_on_water_one_cm":13567,"minecraft:total_world_time":458428,"minecraft:interact_with_furnace":13,"minecraft:sleep_in_bed":12,"minecraft:time_since_rest":26207,"minecraft:damage_taken":4026,"minecraft:damage_dealt":2278,"minecraft:swim_one_cm":10293,"minecraft:player_kills":1,"minecraft:fly_one_cm":341102,"minecraft:open_chest":103,"minecraft:crouch_one_cm":2713,"minecraft:interact_with_smoker":1,"minecraft:fall_one_cm":29881},"minecraft:picked_up":{"minecraft:crafting_table":2,"minecraft:iron_chestplate":1,"minecraft:coarse_dirt":1,"minecraft:chicken":1,"minecraft:ladder":32,"minecraft:clay_ball":20,"minecraft:stone_slab":1,"minecraft:diamond_sword":1,"minecraft:raw_copper":47,"minecraft:iron_leggings":1,"minecraft:zombie_head":1,"minecraft:cobbled_deepslate":8,"minecraft:light_weighted_pressure_plate":1,"minecraft:beef":6,"minecraft:calcite":27,"minecraft:iron_nugget":1,"minecraft:poppy":2,"minecraft:birch_sapling":27,"minecraft:furnace":1,"minecraft:dark_oak_door":2,"minecraft:dark_oak_sapling":4,"fight_or_die:ripping_flesh":1,"minecraft:stick":52,"minecraft:raw_iron":9,"minecraft:composter":2,"minecraft:torch":27,"minecraft:porkchop":3,"tombstone:grave_dust":2,"minecraft:carrot":68,"minecraft:dark_oak_planks":6,"biomesoplenty:redwood_planks":7,"minecraft:rotten_flesh":8,"minecraft:hay_block":21,"minecraft:cyan_terracotta":16,"minecraft:pink_tulip":2,"minecraft:cobblestone":607,"minecraft:birch_log":74,"minecraft:cooked_beef":3,"minecraft:feather":1,"fight_or_die:springer_fragment":1,"minecraft:andesite":3,"minecraft:leather":5,"minecraft:potato":92,"minecraft:birch_planks":11,"minecraft:flint":1,"minecraft:oak_log":104,"minecraft:yellow_bed":3,"minecraft:dirt":210,"minecraft:lantern":1,"minecraft:red_carpet":1,"minecraft:bone":5,"minecraft:apple":7,"minecraft:wheat_seeds":8,"minecraft:birch_wood":24,"minecraft:iron_ingot":5,"minecraft:cobweb":3,"minecraft:mossy_stone_bricks":2,"minecraft:diamond_helmet":1,"minecraft:flowering_azalea":2,"minecraft:oak_planks":19,"armorplus:frost_shard":4,"minecraft:spyglass":2,"minecraft:gravel":7,"minecraft:birch_stairs":19,"minecraft:sand":18,"minecraft:spruce_sapling":24,"minecraft:bundle":1,"minecraft:white_bed":3,"minecraft:spruce_log":195,"minecraft:dark_oak_log":36,"minecraft:mossy_cobblestone":18,"biomesoplenty:flowering_oak_sapling":6,"graveyard:oak_coffin":1,"minecraft:diamond":1,"minecraft:diamond_axe":2,"minecraft:bone_meal":3,"minecraft:bread":10,"minecraft:baked_potato":7,"minecraft:oak_sapling":26,"minecraft:coal":42,"armorplus:lava_shard":5,"minecraft:diamond_pickaxe":2},"minecraft:dropped":{"minecraft:bread":35,"minecraft:iron_ingot":4,"minecraft:diamond_axe":1,"minecraft:wheat_seeds":2,"minecraft:clock":1,"minecraft:baked_potato":7,"minecraft:leather":1,"minecraft:dirt":3,"minecraft:torch":42,"tombstone:grave_key":1,"immersive_armors:wooden_leggings":1,"biomesoplenty:flowering_oak_sapling":3,"minecraft:iron_leggings":1,"immersive_armors:wooden_chestplate":1,"minecraft:iron_shovel":1,"minecraft:dark_oak_planks":4,"minecraft:spyglass":2,"minecraft:iron_nugget":1,"minecraft:birch_sapling":27,"minecraft:rotten_flesh":16,"minecraft:diamond_pickaxe":1,"minecraft:mossy_stone_bricks":2,"minecraft:oak_sapling":21,"armorplus:lava_shard":5,"minecraft:wooden_pickaxe":1,"minecraft:beef":6,"minecraft:stone_pickaxe":1,"immersive_armors:wooden_helmet":1},"minecraft:mined":{"minecraft:dark_oak_planks":4,"minecraft:red_carpet":1,"minecraft:white_bed":4,"minecraft:farmland":3,"minecraft:mossy_cobblestone":18,"minecraft:deepslate_diamond_ore":1,"minecraft:dark_oak_log":40,"armorplus:ore_lava_crystal_stone":4,"minecraft:ladder":1,"biomesoplenty:bush":3,"minecraft:grass_block":165,"minecraft:jungle_planks":1,"minecraft:composter":2,"armorplus:ore_frost_crystal_stone":2,"minecraft:large_fern":1,"minecraft:hay_block":23,"minecraft:furnace":2,"minecraft:carrots":22,"fight_or_die:blood_splash1":1,"minecraft:iron_ore":9,"minecraft:andesite":3,"minecraft:potatoes":42,"minecraft:dirt_path":2,"minecraft:lantern":1,"minecraft:pink_tulip":2,"minecraft:stone":607,"minecraft:birch_stairs":18,"biomesoplenty:redwood_planks":7,"minecraft:cyan_terracotta":17,"minecraft:clay":5,"minecraft:crafting_table":2,"minecraft:calcite":32,"minecraft:stone_slab":1,"minecraft:copper_ore":13,"minecraft:cobblestone":34,"minecraft:birch_wood":62,"minecraft:oak_planks":11,"minecraft:wall_torch":4,"minecraft:light_weighted_pressure_plate":3,"minecraft:birch_planks":9,"minecraft:coarse_dirt":1,"minecraft:birch_log":74,"minecraft:spruce_log":198,"minecraft:yellow_bed":3,"minecraft:grass":15,"minecraft:oak_log":108,"minecraft:coal_ore":35,"minecraft:gravel":8,"minecraft:sand":19,"minecraft:dirt":42,"minecraft:crimson_planks":1,"biomesoplenty:stringy_cobweb":1,"minecraft:mossy_stone_bricks":2,"biomesoplenty:redwood_wood":1,"minecraft:oak_leaves":3,"minecraft:deepslate":3,"minecraft:fern":1},"minecraft:crafted":{"minecraft:oak_planks":28,"minecraft:coal":5,"minecraft:iron_nugget":9,"minecraft:spyglass":1,"minecraft:cooked_chicken":2,"minecraft:glass_pane":16,"immersive_armors:wooden_chestplate":1,"minecraft:glass":18,"minecraft:lantern":1,"minecraft:iron_axe":2,"minecraft:stone_pickaxe":1,"minecraft:chest":2,"immersive_armors:wooden_helmet":1,"minecraft:stone_hoe":2,"minecraft:wheat":189,"minecraft:diamond_sword":2,"minecraft:crafting_table":4,"minecraft:spruce_planks":12,"minecraft:wooden_pickaxe":1,"minecraft:iron_sword":1,"immersive_armors:wooden_leggings":1,"minecraft:copper_ingot":53,"minecraft:bucket":2,"minecraft:campfire":1,"minecraft:birch_planks":68,"minecraft:stone_axe":2,"minecraft:bread":68,"minecraft:air":0,"immersive_armors:wooden_boots":1,"minecraft:diamond_pickaxe":2,"minecraft:shield":1,"minecraft:stick":16,"minecraft:flint":6,"minecraft:iron_ingot":6,"minecraft:iron_pickaxe":1,"minecraft:wooden_axe":1,"minecraft:stone_sword":1,"minecraft:iron_shovel":2,"minecraft:torch":24},"minecraft:broken":{"minecraft:stone_axe":1,"minecraft:iron_pickaxe":1,"minecraft:wooden_axe":1}},"DataVersion":3465}