{"stats":{"minecraft:mined":{"minecraft:crafting_table":1,"minecraft:grass":3,"biomesoplenty:bush":1,"minecraft:grass_block":1,"minecraft:oak_log":80,"minecraft:coal_ore":12,"minecraft:dirt":1,"minecraft:stone":43,"minecraft:oak_leaves":3},"minecraft:custom":{"minecraft:time_since_rest":19631,"minecraft:sprint_one_cm":22571,"minecraft:damage_taken":40,"minecraft:walk_one_cm":35004,"minecraft:mob_kills":2,"minecraft:damage_dealt":360,"minecraft:interact_with_crafting_table":14,"minecraft:fly_one_cm":10466,"minecraft:open_chest":1,"minecraft:play_time":19631,"minecraft:jump":78,"minecraft:time_since_death":19631,"minecraft:total_world_time":19631,"minecraft:fall_one_cm":2336},"minecraft:broken":{"minecraft:wooden_axe":1},"minecraft:used":{"minecraft:oak_log":14,"minecraft:wooden_axe":64,"minecraft:stone_sword":6,"minecraft:stone_pickaxe":50,"minecraft:wooden_pickaxe":5,"minecraft:stone_axe":28,"minecraft:crafting_table":2,"minecraft:oak_sapling":2,"alexsmobs:animal_dictionary":1},"minecraft:picked_up":{"minecraft:stick":13,"minecraft:crafting_table":1,"minecraft:leather":4,"minecraft:porkchop":3,"minecraft:oak_log":76,"minecraft:dirt":2,"biomesoplenty:flowering_oak_sapling":3,"graveyard:oak_coffin":1,"minecraft:zombie_head":1,"minecraft:rotten_flesh":5,"minecraft:apple":5,"minecraft:wheat_seeds":1,"minecraft:cobweb":3,"minecraft:oak_sapling":14,"minecraft:coal":11,"minecraft:cobblestone":43},"minecraft:killed":{"minecraft:pig":2},"minecraft:crafted":{"minecraft:oak_planks":24,"minecraft:crafting_table":2,"minecraft:stick":4,"minecraft:wooden_pickaxe":1,"minecraft:stone_pickaxe":1,"minecraft:wooden_axe":1,"minecraft:stone_sword":1,"minecraft:stone_axe":1}},"DataVersion":3465}