{"stats":{"minecraft:custom":{"minecraft:interact_with_furnace":6,"minecraft:mob_kills":3,"minecraft:interact_with_crafting_table":20,"minecraft:time_since_death":16582,"minecraft:time_since_rest":15976,"minecraft:sprint_one_cm":54989,"minecraft:damage_taken":780,"minecraft:walk_one_cm":107417,"minecraft:drop":58,"minecraft:damage_dealt":484,"minecraft:swim_one_cm":10264,"minecraft:fly_one_cm":40310,"minecraft:open_chest":7,"minecraft:crouch_one_cm":743,"minecraft:play_time":55631,"minecraft:deaths":1,"minecraft:sneak_time":526,"minecraft:walk_under_water_one_cm":3357,"minecraft:boat_one_cm":50802,"minecraft:jump":310,"minecraft:walk_on_water_one_cm":7320,"minecraft:total_world_time":55631,"minecraft:fall_one_cm":7327},"minecraft:mined":{"minecraft:dark_oak_planks":2,"minecraft:dark_oak_log":20,"minecraft:crafting_table":1,"biomesoplenty:bush":3,"minecraft:grass_block":3,"minecraft:jungle_planks":1,"minecraft:stone_slab":1,"minecraft:birch_wood":62,"minecraft:oak_planks":4,"minecraft:furnace":2,"minecraft:birch_log":74,"minecraft:yellow_bed":1,"minecraft:grass":5,"minecraft:coal_ore":16,"minecraft:oak_log":107,"minecraft:dirt":2,"minecraft:crimson_planks":1,"minecraft:pink_tulip":2,"minecraft:stone":66,"minecraft:mossy_stone_bricks":2,"minecraft:oak_leaves":3},"minecraft:broken":{"minecraft:stone_axe":1,"minecraft:wooden_axe":1},"minecraft:used":{"minecraft:stone_sword":13,"minecraft:birch_planks":1,"minecraft:stone_pickaxe":82,"minecraft:oak_planks":13,"minecraft:wooden_pickaxe":5,"minecraft:cooked_chicken":1,"minecraft:torch":4,"minecraft:dirt":4,"minecraft:crafting_table":3,"minecraft:campfire":1,"minecraft:oak_log":60,"minecraft:wooden_axe":64,"minecraft:apple":5,"minecraft:iron_helmet":1,"minecraft:stone_slab":1,"minecraft:stone_axe":230,"minecraft:furnace":1,"minecraft:oak_sapling":2,"minecraft:birch_log":2,"alexsmobs:animal_dictionary":1},"minecraft:picked_up":{"minecraft:birch_log":74,"minecraft:crafting_table":1,"minecraft:feather":1,"minecraft:cooked_beef":3,"minecraft:chicken":1,"minecraft:leather":4,"minecraft:stone_slab":1,"minecraft:birch_planks":1,"minecraft:oak_log":103,"minecraft:yellow_bed":1,"minecraft:dirt":6,"minecraft:zombie_head":1,"minecraft:apple":6,"minecraft:wheat_seeds":2,"minecraft:birch_wood":24,"minecraft:iron_ingot":1,"minecraft:cobweb":3,"minecraft:mossy_stone_bricks":2,"minecraft:birch_sapling":27,"minecraft:oak_planks":13,"minecraft:flowering_azalea":2,"minecraft:furnace":1,"minecraft:dark_oak_sapling":2,"minecraft:stick":26,"minecraft:porkchop":3,"minecraft:birch_stairs":2,"tombstone:grave_dust":2,"minecraft:dark_oak_log":18,"biomesoplenty:flowering_oak_sapling":6,"graveyard:oak_coffin":1,"minecraft:rotten_flesh":8,"minecraft:pink_tulip":2,"minecraft:oak_sapling":26,"minecraft:coal":23,"minecraft:cobblestone":66},"minecraft:killed":{"minecraft:pig":2,"minecraft:chicken":1},"minecraft:dropped":{"minecraft:birch_sapling":27,"minecraft:rotten_flesh":16,"minecraft:dirt":2,"minecraft:mossy_stone_bricks":2,"biomesoplenty:flowering_oak_sapling":3,"minecraft:oak_sapling":21,"minecraft:iron_leggings":1,"minecraft:stone_pickaxe":1,"minecraft:wooden_pickaxe":1},"minecraft:crafted":{"minecraft:oak_planks":28,"minecraft:crafting_table":2,"minecraft:wooden_pickaxe":1,"minecraft:cooked_chicken":1,"minecraft:birch_planks":32,"minecraft:campfire":1,"minecraft:stone_axe":2,"minecraft:stick":4,"minecraft:iron_ingot":3,"minecraft:iron_pickaxe":1,"minecraft:stone_pickaxe":1,"minecraft:wooden_axe":1,"minecraft:stone_sword":1,"minecraft:torch":4}},"DataVersion":3465}