{"stats":{"minecraft:crafted":{"minecraft:oak_planks":28,"minecraft:coal":5,"minecraft:iron_nugget":9,"minecraft:spyglass":1,"minecraft:cooked_chicken":2,"minecraft:glass_pane":16,"immersive_armors:wooden_chestplate":1,"minecraft:glass":18,"minecraft:lantern":1,"minecraft:iron_axe":2,"minecraft:stone_pickaxe":1,"minecraft:chest":2,"immersive_armors:wooden_helmet":1,"minecraft:stone_hoe":2,"minecraft:wheat":189,"minecraft:diamond_sword":2,"minecraft:crafting_table":4,"minecraft:spruce_planks":12,"minecraft:wooden_pickaxe":1,"minecraft:iron_sword":1,"immersive_armors:wooden_leggings":1,"minecraft:copper_ingot":53,"minecraft:bucket":2,"minecraft:birch_planks":68,"minecraft:campfire":1,"minecraft:stone_axe":2,"minecraft:air":0,"minecraft:bread":68,"immersive_armors:wooden_boots":1,"minecraft:diamond_pickaxe":2,"minecraft:shield":1,"minecraft:stick":16,"minecraft:flint":6,"minecraft:iron_ingot":6,"minecraft:iron_pickaxe":1,"minecraft:wooden_axe":1,"minecraft:stone_sword":1,"minecraft:iron_shovel":2,"minecraft:torch":24},"minecraft:killed":{"fight_or_die:mutated_pig":1,"minecraft:skeleton":1,"graveyard:acolyte":7,"minecraft:chicken":1,"minecraft:pig":5,"alexsmobs:seal":1,"minecraft:iron_golem":1,"minecraft:cow":2},"minecraft:custom":{"minecraft:mob_kills":19,"minecraft:interact_with_crafting_table":43,"minecraft:open_barrel":23,"goblintraders:trade_with_goblin":33,"minecraft:eat_cake_slice":2,"minecraft:leave_game":15,"minecraft:time_since_death":1579,"minecraft:climb_one_cm":61902,"minecraft:sprint_one_cm":303765,"minecraft:walk_one_cm":776770,"minecraft:drop":155,"minecraft:talked_to_villager":1,"minecraft:play_time":553331,"minecraft:deaths":9,"minecraft:sneak_time":3420,"minecraft:walk_under_water_one_cm":15593,"minecraft:boat_one_cm":355520,"minecraft:jump":1940,"minecraft:interact_with_blast_furnace":5,"minecraft:walk_on_water_one_cm":18497,"minecraft:total_world_time":553331,"minecraft:interact_with_furnace":16,"minecraft:interact_with_stonecutter":3,"minecraft:sleep_in_bed":18,"minecraft:time_since_rest":1173,"minecraft:damage_taken":5043,"minecraft:damage_dealt":4663,"minecraft:swim_one_cm":12330,"minecraft:player_kills":1,"minecraft:fly_one_cm":447387,"minecraft:open_chest":112,"minecraft:crouch_one_cm":3185,"tombstone:undead_killed":1,"minecraft:interact_with_smoker":2,"minecraft:fall_one_cm":48607},"minecraft:dropped":{"biomesoplenty:mahogany_log":1,"minecraft:iron_ingot":4,"minecraft:bread":36,"minecraft:lapis_lazuli":7,"minecraft:diamond_axe":1,"minecraft:wheat_seeds":2,"minecraft:clock":1,"minecraft:baked_potato":7,"minecraft:leather":1,"minecraft:dirt":3,"minecraft:dark_oak_log":6,"minecraft:torch":42,"minecraft:crimson_roots":5,"tombstone:grave_key":1,"immersive_armors:wooden_leggings":1,"biomesoplenty:flowering_oak_sapling":3,"minecraft:iron_leggings":1,"immersive_armors:wooden_chestplate":1,"minecraft:iron_shovel":1,"minecraft:dark_oak_planks":4,"jeg:tech_trash":8,"minecraft:spyglass":2,"minecraft:iron_nugget":2,"minecraft:birch_sapling":27,"minecraft:rotten_flesh":16,"minecraft:diamond_sword":2,"minecraft:diamond_pickaxe":1,"minecraft:mossy_stone_bricks":2,"minecraft:oak_sapling":21,"armorplus:lava_shard":5,"minecraft:iron_bars":5,"biomesoplenty:mahogany_sapling":1,"minecraft:beef":6,"minecraft:stone_pickaxe":1,"minecraft:wooden_pickaxe":1,"immersive_armors:wooden_helmet":1},"minecraft:mined":{"minecraft:dark_oak_planks":4,"minecraft:stripped_warped_stem":2,"minecraft:red_carpet":1,"minecraft:white_bed":7,"minecraft:farmland":3,"minecraft:mossy_cobblestone":18,"minecraft:deepslate_diamond_ore":1,"minecraft:dark_oak_log":40,"armorplus:ore_lava_crystal_stone":4,"minecraft:ladder":1,"biomesoplenty:bush":3,"minecraft:grass_block":166,"minecraft:jungle_planks":1,"minecraft:spruce_leaves":1,"minecraft:composter":2,"armorplus:ore_frost_crystal_stone":2,"minecraft:polished_blackstone_bricks":2,"graveyard:wither_skull_with_rib_cage":1,"minecraft:hay_block":23,"minecraft:large_fern":4,"minecraft:furnace":2,"minecraft:carrots":22,"fight_or_die:blood_splash1":1,"minecraft:iron_ore":9,"graveyard:leaning_wither_skeleton":1,"minecraft:andesite":3,"minecraft:potatoes":57,"minecraft:dirt_path":2,"minecraft:warped_button":1,"minecraft:iron_bars":1,"minecraft:lantern":2,"minecraft:packed_ice":15,"minecraft:pink_tulip":2,"minecraft:bamboo":4,"minecraft:stone":626,"minecraft:birch_stairs":18,"biomesoplenty:redwood_planks":7,"jeg:scrap_ore":18,"minecraft:cyan_terracotta":17,"minecraft:smoker":1,"minecraft:clay":5,"minecraft:crafting_table":2,"minecraft:blast_furnace":1,"minecraft:calcite":32,"minecraft:stone_slab":1,"minecraft:copper_ore":13,"minecraft:birch_wood":62,"minecraft:cobblestone":34,"minecraft:oak_planks":11,"minecraft:wall_torch":4,"minecraft:light_weighted_pressure_plate":3,"minecraft:birch_planks":9,"minecraft:coarse_dirt":1,"graveyard:wither_skeleton_hand":1,"minecraft:mud":1,"minecraft:birch_log":74,"graveyard:skull_pile":1,"minecraft:spruce_log":198,"minecraft:yellow_bed":3,"minecraft:grass":20,"minecraft:oak_log":108,"minecraft:coal_ore":56,"graveyard:leaning_skeleton":1,"minecraft:gravel":9,"minecraft:dirt":42,"minecraft:sand":19,"minecraft:crimson_planks":1,"biomesoplenty:stringy_cobweb":1,"minecraft:cobweb":4,"minecraft:polished_blackstone":2,"minecraft:stonecutter":1,"minecraft:mossy_stone_bricks":2,"biomesoplenty:redwood_wood":1,"minecraft:oak_leaves":5,"minecraft:deepslate":3,"minecraft:fern":1},"minecraft:broken":{"minecraft:stone_axe":1,"minecraft:iron_pickaxe":1,"minecraft:wooden_axe":1},"minecraft:used":{"minecraft:peony":1,"minecraft:moss_carpet":2,"minecraft:iron_shovel":104,"minecraft:stone_sword":60,"biomesoplenty:redwood_planks":7,"minecraft:ladder":11,"minecraft:chest":2,"minecraft:iron_sword":1,"minecraft:cooked_chicken":2,"minecraft:stone_hoe":78,"minecraft:iron_chestplate":2,"minecraft:torch":36,"minecraft:dirt":167,"minecraft:spyglass":38,"minecraft:carrot":76,"minecraft:diamond_helmet":1,"minecraft:wooden_axe":64,"minecraft:cyan_terracotta":1,"minecraft:lantern":2,"minecraft:light_weighted_pressure_plate":3,"minecraft:iron_axe":277,"minecraft:iron_helmet":1,"minecraft:iron_boots":1,"immersive_armors:wooden_chestplate":2,"minecraft:red_carpet":1,"tombstone:gift":2,"minecraft:oak_sapling":6,"minecraft:furnace":1,"minecraft:potato":187,"minecraft:cooked_beef":2,"immersive_armors:wooden_helmet":1,"minecraft:iron_leggings":1,"minecraft:dark_oak_sapling":4,"minecraft:calcite":1,"minecraft:wheat_seeds":43,"minecraft:water_bucket":7,"minecraft:birch_planks":1,"minecraft:stone_pickaxe":82,"minecraft:oak_planks":15,"minecraft:wooden_pickaxe":5,"minecraft:composter":2,"minecraft:diamond_axe":2,"minecraft:mossy_cobblestone":18,"minecraft:crafting_table":5,"minecraft:white_bed":6,"minecraft:campfire":1,"minecraft:spruce_log":56,"minecraft:dark_oak_door":2,"minecraft:oak_log":60,"minecraft:mud":1,"minecraft:diamond_pickaxe":538,"minecraft:apple":8,"minecraft:bread":51,"minecraft:iron_pickaxe":250,"minecraft:stone_axe":252,"minecraft:stone_slab":1,"minecraft:spruce_sapling":9,"immersive_armors:wooden_boots":1,"minecraft:diamond_sword":127,"minecraft:cobblestone":142,"minecraft:bucket":8,"minecraft:birch_log":2,"minecraft:glass_pane":14,"minecraft:warped_button":1,"minecraft:yellow_bed":3,"alexsmobs:animal_dictionary":1,"immersive_armors:wooden_leggings":1,"minecraft:bone_meal":3},"minecraft:picked_up":{"minecraft:crafting_table":2,"minecraft:iron_chestplate":1,"minecraft:coarse_dirt":1,"minecraft:chicken":1,"minecraft:ladder":32,"minecraft:clay_ball":20,"minecraft:stone_slab":1,"minecraft:diamond_sword":3,"minecraft:string":4,"minecraft:raw_copper":47,"minecraft:iron_leggings":1,"minecraft:zombie_head":1,"graveyard:corruption":7,"minecraft:cobbled_deepslate":8,"minecraft:stripped_warped_stem":2,"minecraft:light_weighted_pressure_plate":1,"minecraft:beef":6,"minecraft:calcite":27,"minecraft:iron_nugget":2,"minecraft:poppy":2,"minecraft:birch_sapling":27,"minecraft:furnace":1,"minecraft:dark_oak_door":2,"minecraft:dark_oak_sapling":8,"fight_or_die:ripping_flesh":1,"minecraft:stick":52,"minecraft:raw_iron":9,"minecraft:composter":2,"minecraft:torch":27,"minecraft:porkchop":9,"tombstone:grave_dust":2,"minecraft:warped_button":1,"minecraft:carrot":68,"minecraft:redstone":2,"minecraft:dark_oak_planks":6,"biomesoplenty:redwood_planks":7,"minecraft:rotten_flesh":13,"biomesoplenty:mahogany_sapling":1,"minecraft:hay_block":21,"minecraft:cyan_terracotta":16,"minecraft:pink_tulip":2,"minecraft:iron_bars":5,"minecraft:cobblestone":630,"minecraft:birch_log":74,"minecraft:cooked_beef":3,"minecraft:feather":1,"fight_or_die:springer_fragment":1,"minecraft:andesite":3,"minecraft:leather":5,"minecraft:smoker":1,"minecraft:potato":132,"minecraft:birch_planks":11,"minecraft:flint":1,"minecraft:oak_log":104,"jeg:scrap":53,"minecraft:yellow_bed":3,"minecraft:dirt":210,"minecraft:lantern":2,"minecraft:name_tag":1,"minecraft:red_carpet":1,"minecraft:bone":21,"minecraft:apple":7,"minecraft:stonecutter":1,"minecraft:wheat_seeds":8,"minecraft:birch_wood":24,"minecraft:iron_ingot":5,"minecraft:cobweb":3,"minecraft:mossy_stone_bricks":2,"minecraft:diamond_helmet":1,"minecraft:bamboo":22,"minecraft:oak_planks":19,"minecraft:flowering_azalea":2,"jeg:tech_trash":8,"armorplus:frost_shard":4,"minecraft:spyglass":2,"minecraft:gravel":7,"minecraft:birch_stairs":19,"minecraft:sand":18,"minecraft:spruce_sapling":24,"minecraft:blast_furnace":1,"minecraft:white_bed":8,"minecraft:spruce_log":195,"minecraft:mossy_stone_brick_slab":1,"minecraft:dark_oak_log":42,"minecraft:mossy_cobblestone":18,"biomesoplenty:flowering_oak_sapling":6,"minecraft:bundle":1,"graveyard:oak_coffin":1,"biomesoplenty:mahogany_log":1,"minecraft:diamond":1,"minecraft:diamond_axe":2,"minecraft:bone_meal":9,"minecraft:crimson_roots":5,"minecraft:bread":11,"minecraft:baked_potato":7,"minecraft:oak_sapling":27,"minecraft:coal":61,"minecraft:mud":1,"armorplus:lava_shard":5,"minecraft:diamond_pickaxe":2}},"DataVersion":3465}