{"stats":{"minecraft:custom":{"minecraft:time_since_rest":31631,"minecraft:interact_with_furnace":1,"minecraft:sprint_one_cm":34730,"minecraft:damage_taken":60,"minecraft:walk_one_cm":60298,"minecraft:mob_kills":3,"minecraft:drop":26,"minecraft:damage_dealt":390,"minecraft:swim_one_cm":10264,"minecraft:interact_with_crafting_table":14,"minecraft:fly_one_cm":20061,"minecraft:open_chest":3,"minecraft:crouch_one_cm":51,"minecraft:play_time":31631,"minecraft:sneak_time":88,"minecraft:walk_under_water_one_cm":3254,"minecraft:boat_one_cm":50802,"minecraft:jump":173,"minecraft:walk_on_water_one_cm":7315,"minecraft:time_since_death":31631,"minecraft:total_world_time":31631,"minecraft:fall_one_cm":4244},"minecraft:mined":{"minecraft:dark_oak_planks":2,"minecraft:birch_log":32,"minecraft:crafting_table":1,"minecraft:grass":5,"biomesoplenty:bush":3,"minecraft:grass_block":2,"minecraft:oak_log":89,"minecraft:coal_ore":12,"minecraft:jungle_planks":1,"minecraft:dirt":1,"minecraft:crimson_planks":1,"minecraft:pink_tulip":2,"minecraft:birch_wood":62,"minecraft:stone":43,"minecraft:mossy_stone_bricks":2,"minecraft:oak_leaves":3},"minecraft:broken":{"minecraft:wooden_axe":1,"minecraft:stone_axe":1},"minecraft:used":{"minecraft:oak_log":14,"minecraft:wooden_axe":64,"minecraft:stone_sword":10,"minecraft:stone_pickaxe":52,"minecraft:iron_helmet":1,"minecraft:wooden_pickaxe":5,"minecraft:stone_axe":140,"minecraft:dirt":3,"minecraft:crafting_table":2,"minecraft:oak_sapling":2,"alexsmobs:animal_dictionary":1},"minecraft:picked_up":{"minecraft:birch_log":32,"minecraft:stick":18,"minecraft:crafting_table":1,"minecraft:feather":1,"minecraft:chicken":1,"minecraft:leather":4,"minecraft:porkchop":3,"minecraft:oak_log":85,"tombstone:grave_dust":2,"minecraft:dirt":3,"biomesoplenty:flowering_oak_sapling":6,"graveyard:oak_coffin":1,"minecraft:zombie_head":1,"minecraft:rotten_flesh":8,"minecraft:apple":5,"minecraft:wheat_seeds":1,"minecraft:birch_wood":18,"minecraft:iron_ingot":1,"minecraft:pink_tulip":2,"minecraft:cobweb":3,"minecraft:mossy_stone_bricks":2,"minecraft:oak_sapling":26,"minecraft:birch_sapling":10,"minecraft:flowering_azalea":2,"minecraft:coal":11,"minecraft:cobblestone":43},"minecraft:killed":{"minecraft:pig":2,"minecraft:chicken":1},"minecraft:dropped":{"minecraft:mossy_stone_bricks":2,"biomesoplenty:flowering_oak_sapling":3,"minecraft:rotten_flesh":16,"minecraft:oak_sapling":21},"minecraft:crafted":{"minecraft:oak_planks":24,"minecraft:crafting_table":2,"minecraft:stick":4,"minecraft:wooden_pickaxe":1,"minecraft:stone_pickaxe":1,"minecraft:wooden_axe":1,"minecraft:stone_sword":1,"minecraft:stone_axe":1}},"DataVersion":3465}