{
  "minecraft:recipes/decorations/crafting_table": {
    "criteria": {
      "unlock_right_away": "2024-07-18 21:18:17 +0000"
    },
    "done": true
  },
  "mowziesmobs:root": {
    "criteria": {
      "custom_test_name": "2024-07-18 21:18:17 +0000"
    },
    "done": true
  },
  "bossominium:loot_bosses_a": {
    "criteria": {
      "loot_bosses_a": "2024-07-18 21:18:17 +0000"
    },
    "done": true
  },
  "the_dead_forest:the_dead_forests": {
    "criteria": {
      "the_dead_forests": "2024-07-18 21:18:17 +0000"
    },
    "done": true
  },
  "incendium:technical/new_player": {
    "criteria": {
      "requirement": "2024-07-18 21:18:17 +0000"
    },
    "done": true
  },
  "dungeons_arise:wda_root": {
    "criteria": {
      "WDA": "2024-07-18 21:18:17 +0000"
    },
    "done": true
  },
  "incendium:technical/scroll_of_returning": {
    "criteria": {
      "log_spam_fixer": "2024-07-18 21:18:18 +0000"
    },
    "done": false
  },
  "incendium:technical/using/ragnarok": {
    "criteria": {
      "log_spam_fixer": "2024-07-18 21:18:18 +0000"
    },
    "done": false
  },
  "incendium:technical/using/trailblazer": {
    "criteria": {
      "log_spam_fixer": "2024-07-18 21:18:18 +0000"
    },
    "done": false
  },
  "minecraft:adventure/adventuring_time": {
    "criteria": {
      "minecraft:old_growth_pine_taiga": "2024-07-18 22:07:15 +0000",
      "minecraft:birch_forest": "2024-07-18 21:43:12 +0000",
      "minecraft:beach": "2024-07-18 21:18:18 +0000",
      "minecraft:river": "2024-07-18 22:04:36 +0000",
      "minecraft:lush_caves": "2024-07-18 23:51:22 +0000",
      "minecraft:ocean": "2024-07-18 21:36:43 +0000",
      "minecraft:old_growth_spruce_taiga": "2024-07-18 21:45:04 +0000"
    },
    "done": false
  },
  "incendium:technical/using/shield": {
    "criteria": {
      "log_spam_fixer": "2024-07-18 21:18:18 +0000"
    },
    "done": false
  },
  "tombstone:adventure/root": {
    "criteria": {
      "auto": "2024-07-18 21:18:18 +0000"
    },
    "done": true
  },
  "biomesoplenty:biomesoplenty/all_biomes": {
    "criteria": {
      "rocky_shrubland": "2024-07-18 21:18:35 +0000",
      "maple_woods": "2024-07-19 01:26:16 +0000",
      "orchard": "2024-07-18 21:18:34 +0000",
      "redwood_forest": "2024-07-18 22:58:33 +0000",
      "seasonal_forest": "2024-07-19 01:13:56 +0000"
    },
    "done": false
  },
  "biomesoplenty:biomesoplenty/root": {
    "criteria": {
      "orchard": "2024-07-18 21:18:34 +0000"
    },
    "done": true
  },
  "immersive_armors:recipes/misc/wooden": {
    "criteria": {
      "has_item": "2024-07-18 21:21:06 +0000"
    },
    "done": true
  },
  "minecraft:recipes/misc/charcoal": {
    "criteria": {
      "has_log": "2024-07-18 21:21:06 +0000"
    },
    "done": true
  },
  "minecraft:recipes/building_blocks/oak_planks": {
    "criteria": {
      "has_logs": "2024-07-18 21:21:06 +0000"
    },
    "done": true
  },
  "minecraft:recipes/building_blocks/oak_wood": {
    "criteria": {
      "has_log": "2024-07-18 21:21:06 +0000"
    },
    "done": true
  },
  "minecraft:recipes/decorations/oak_sign": {
    "criteria": {
      "has_planks": "2024-07-18 21:21:34 +0000"
    },
    "done": true
  },
  "minecraft:recipes/redstone/oak_trapdoor": {
    "criteria": {
      "has_planks": "2024-07-18 21:21:34 +0000"
    },
    "done": true
  },
  "another_furniture:recipes/oak_chair": {
    "criteria": {
      "has_planks": "2024-07-18 21:21:34 +0000"
    },
    "done": true
  },
  "minecraft:recipes/misc/stick": {
    "criteria": {
      "has_planks": "2024-07-18 21:21:34 +0000"
    },
    "done": true
  },
  "minecraft:recipes/building_blocks/oak_stairs": {
    "criteria": {
      "has_planks": "2024-07-18 21:21:34 +0000"
    },
    "done": true
  },
  "minecraft:recipes/decorations/oak_fence": {
    "criteria": {
      "has_planks": "2024-07-18 21:21:34 +0000"
    },
    "done": true
  },
  "minecraft:recipes/redstone/oak_button": {
    "criteria": {
      "has_planks": "2024-07-18 21:21:34 +0000"
    },
    "done": true
  },
  "minecraft:recipes/building_blocks/oak_slab": {
    "criteria": {
      "has_planks": "2024-07-18 21:21:34 +0000"
    },
    "done": true
  },
  "another_furniture:recipes/oak_shelf": {
    "criteria": {
      "has_planks": "2024-07-18 21:21:34 +0000"
    },
    "done": true
  },
  "minecraft:recipes/redstone/oak_fence_gate": {
    "criteria": {
      "has_planks": "2024-07-18 21:21:34 +0000"
    },
    "done": true
  },
  "minecraft:recipes/redstone/oak_pressure_plate": {
    "criteria": {
      "has_planks": "2024-07-18 21:21:34 +0000"
    },
    "done": true
  },
  "minecraft:recipes/redstone/oak_door": {
    "criteria": {
      "has_planks": "2024-07-18 21:21:34 +0000"
    },
    "done": true
  },
  "another_furniture:recipes/oak_table": {
    "criteria": {
      "has_planks": "2024-07-18 21:21:34 +0000"
    },
    "done": true
  },
  "minecraft:recipes/decorations/barrel": {
    "criteria": {
      "has_planks": "2024-07-18 21:21:34 +0000"
    },
    "done": true
  },
  "travelersbackpack:recipes/misc/crafting_upgrade": {
    "criteria": {
      "has_crafting_table": "2024-07-18 21:21:38 +0000"
    },
    "done": true
  },
  "armorplus:story/root": {
    "criteria": {
      "crafting_table": "2024-07-18 21:21:38 +0000"
    },
    "done": true
  },
  "armorplus:story/thank_you_6m": {
    "criteria": {
      "open_inventory": "2024-07-18 21:21:38 +0000"
    },
    "done": true
  },
  "minecraft:story/root": {
    "criteria": {
      "crafting_table": "2024-07-18 21:21:38 +0000"
    },
    "done": true
  },
  "minecraft:recipes/decorations/chain": {
    "criteria": {
      "has_iron_nugget": "2024-07-18 21:22:23 +0000"
    },
    "done": true
  },
  "minecraft:recipes/decorations/lantern": {
    "criteria": {
      "has_iron_nugget": "2024-07-18 21:22:23 +0000"
    },
    "done": true
  },
  "another_furniture:recipes/service_bell": {
    "criteria": {
      "has_nugget": "2024-07-18 21:22:23 +0000"
    },
    "done": true
  },
  "minecraft:recipes/misc/iron_ingot_from_nuggets": {
    "criteria": {
      "has_iron_nugget": "2024-07-18 21:22:23 +0000"
    },
    "done": true
  },
  "minecraft:recipes/decorations/fletching_table": {
    "criteria": {
      "has_flint": "2024-07-18 21:22:24 +0000"
    },
    "done": true
  },
  "minecraft:recipes/combat/arrow": {
    "criteria": {
      "has_flint": "2024-07-18 21:22:24 +0000"
    },
    "done": true
  },
  "minecraft:recipes/tools/flint_and_steel": {
    "criteria": {
      "has_flint": "2024-07-18 21:22:24 +0000"
    },
    "done": true
  },
  "minecraft:recipes/misc/gold_nugget_from_smelting": {
    "criteria": {
      "has_golden_boots": "2024-07-18 21:22:25 +0000"
    },
    "done": true
  },
  "minecraft:recipes/misc/gold_nugget_from_blasting": {
    "criteria": {
      "has_golden_boots": "2024-07-18 21:22:25 +0000"
    },
    "done": true
  },
  "minecraft:recipes/decorations/chest": {
    "criteria": {
      "has_lots_of_items": "2024-07-18 21:22:25 +0000"
    },
    "done": true
  },
  "minecraft:recipes/decorations/ladder": {
    "criteria": {
      "has_stick": "2024-07-18 21:23:39 +0000"
    },
    "done": true
  },
  "another_furniture:recipes/oak_drawer": {
    "criteria": {
      "has_planks": "2024-07-18 21:23:39 +0000"
    },
    "done": true
  },
  "armorplus:recipes/armorplus.weapons/crafting/shaped/emerald/emerald_sword": {
    "criteria": {
      "has_req": "2024-07-18 21:23:39 +0000"
    },
    "done": true
  },
  "armorplus:recipes/armorplus.weapons/crafting/shaped/emerald/emerald_battle_axe": {
    "criteria": {
      "has_req": "2024-07-18 21:23:39 +0000"
    },
    "done": true
  },
  "minecraft:recipes/tools/wooden_axe": {
    "criteria": {
      "has_stick": "2024-07-18 21:23:39 +0000"
    },
    "done": true
  },
  "armorplus:recipes/armorplus.weapons/crafting/shaped/redstone/redstone_battle_axe": {
    "criteria": {
      "has_req": "2024-07-18 21:23:39 +0000"
    },
    "done": true
  },
  "another_furniture:recipes/dark_oak_drawer": {
    "criteria": {
      "has_planks": "2024-07-18 21:23:39 +0000"
    },
    "done": true
  },
  "another_furniture:recipes/warped_drawer": {
    "criteria": {
      "has_planks": "2024-07-18 21:23:39 +0000"
    },
    "done": true
  },
  "armorplus:recipes/armorplus.weapons/crafting/shaped/redstone/redstone_pickaxe": {
    "criteria": {
      "has_req": "2024-07-18 21:23:39 +0000"
    },
    "done": true
  },
  "armorplus:recipes/armorplus.weapons/crafting/shaped/redstone/redstone_sword": {
    "criteria": {
      "has_req": "2024-07-18 21:23:39 +0000"
    },
    "done": true
  },
  "another_furniture:recipes/acacia_drawer": {
    "criteria": {
      "has_planks": "2024-07-18 21:23:39 +0000"
    },
    "done": true
  },
  "another_furniture:recipes/spruce_drawer": {
    "criteria": {
      "has_planks": "2024-07-18 21:23:39 +0000"
    },
    "done": true
  },
  "another_furniture:recipes/jungle_drawer": {
    "criteria": {
      "has_planks": "2024-07-18 21:23:39 +0000"
    },
    "done": true
  },
  "armorplus:recipes/armorplus.weapons/crafting/shaped/obsidian/obsidian_battle_axe": {
    "criteria": {
      "has_req": "2024-07-18 21:23:39 +0000"
    },
    "done": true
  },
  "armorplus:recipes/armorplus.weapons/crafting/shaped/coal/coal_pickaxe": {
    "criteria": {
      "has_req": "2024-07-18 21:23:39 +0000"
    },
    "done": true
  },
  "armorplus:recipes/armorplus.weapons/crafting/shaped/lapis/lapis_pickaxe": {
    "criteria": {
      "has_req": "2024-07-18 21:23:39 +0000"
    },
    "done": true
  },
  "minecraft:recipes/decorations/campfire": {
    "criteria": {
      "has_stick": "2024-07-18 21:23:39 +0000"
    },
    "done": true
  },
  "minecraft:recipes/tools/wooden_hoe": {
    "criteria": {
      "has_stick": "2024-07-18 21:23:39 +0000"
    },
    "done": true
  },
  "armorplus:recipes/armorplus.weapons/crafting/shaped/obsidian/obsidian_sword": {
    "criteria": {
      "has_req": "2024-07-18 21:23:39 +0000"
    },
    "done": true
  },
  "another_furniture:recipes/crimson_drawer": {
    "criteria": {
      "has_planks": "2024-07-18 21:23:39 +0000"
    },
    "done": true
  },
  "minecraft:recipes/tools/wooden_pickaxe": {
    "criteria": {
      "has_stick": "2024-07-18 21:23:39 +0000"
    },
    "done": true
  },
  "armorplus:recipes/building_blocks/crafting/shapeless/wooden_rod_adv": {
    "criteria": {
      "has_req": "2024-07-18 21:23:39 +0000"
    },
    "done": true
  },
  "minecraft:recipes/tools/wooden_shovel": {
    "criteria": {
      "has_stick": "2024-07-18 21:23:39 +0000"
    },
    "done": true
  },
  "another_furniture:recipes/cherry_drawer": {
    "criteria": {
      "has_planks": "2024-07-18 21:23:39 +0000"
    },
    "done": true
  },
  "armorplus:recipes/armorplus.items/crafting/shapeless/wooden_rod_adv": {
    "criteria": {
      "has_req": "2024-07-18 21:23:39 +0000"
    },
    "done": true
  },
  "another_furniture:recipes/bamboo_drawer": {
    "criteria": {
      "has_planks": "2024-07-18 21:23:39 +0000"
    },
    "done": true
  },
  "another_furniture:recipes/mangrove_drawer": {
    "criteria": {
      "has_planks": "2024-07-18 21:23:39 +0000"
    },
    "done": true
  },
  "armorplus:recipes/armorplus.weapons/crafting/shaped/lapis/lapis_battle_axe": {
    "criteria": {
      "has_req": "2024-07-18 21:23:39 +0000"
    },
    "done": true
  },
  "armorplus:recipes/armorplus.weapons/crafting/shaped/coal/coal_battle_axe": {
    "criteria": {
      "has_req": "2024-07-18 21:23:39 +0000"
    },
    "done": true
  },
  "armorplus:recipes/armorplus.weapons/crafting/shaped/obsidian/obsidian_pickaxe": {
    "criteria": {
      "has_req": "2024-07-18 21:23:39 +0000"
    },
    "done": true
  },
  "minecraft:recipes/combat/wooden_sword": {
    "criteria": {
      "has_stick": "2024-07-18 21:23:39 +0000"
    },
    "done": true
  },
  "armorplus:recipes/armorplus.weapons/crafting/shaped/emerald/emerald_pickaxe": {
    "criteria": {
      "has_req": "2024-07-18 21:23:39 +0000"
    },
    "done": true
  },
  "armorplus:recipes/armorplus.weapons/crafting/shaped/lapis/lapis_sword": {
    "criteria": {
      "has_req": "2024-07-18 21:23:39 +0000"
    },
    "done": true
  },
  "another_furniture:recipes/furniture_hammer": {
    "criteria": {
      "has_stick": "2024-07-18 21:23:39 +0000"
    },
    "done": true
  },
  "another_furniture:recipes/birch_drawer": {
    "criteria": {
      "has_planks": "2024-07-18 21:23:39 +0000"
    },
    "done": true
  },
  "armorplus:recipes/armorplus.weapons/crafting/shaped/coal/coal_sword": {
    "criteria": {
      "has_req": "2024-07-18 21:23:39 +0000"
    },
    "done": true
  },
  "graveyard:graveyard/root": {
    "criteria": {
      "grave_01": "2024-07-18 21:23:44 +0000"
    },
    "done": true
  },
  "minecraft:recipes/building_blocks/smooth_basalt": {
    "criteria": {
      "has_basalt": "2024-07-18 21:26:04 +0000"
    },
    "done": true
  },
  "minecraft:recipes/building_blocks/polished_basalt_from_basalt_stonecutting": {
    "criteria": {
      "has_basalt": "2024-07-18 21:26:04 +0000"
    },
    "done": true
  },
  "minecraft:recipes/building_blocks/polished_basalt": {
    "criteria": {
      "has_basalt": "2024-07-18 21:26:04 +0000"
    },
    "done": true
  },
  "minecraft:recipes/misc/flower_banner_pattern": {
    "criteria": {
      "has_oxeye_daisy": "2024-07-18 21:28:00 +0000"
    },
    "done": true
  },
  "minecraft:recipes/misc/light_gray_dye_from_oxeye_daisy": {
    "criteria": {
      "has_oxeye_daisy": "2024-07-18 21:28:00 +0000"
    },
    "done": true
  },
  "minecraft:recipes/redstone/lever": {
    "criteria": {
      "has_cobblestone": "2024-07-18 21:28:46 +0000"
    },
    "done": true
  },
  "minecraft:recipes/combat/stone_sword": {
    "criteria": {
      "has_cobblestone": "2024-07-18 21:28:46 +0000"
    },
    "done": true
  },
  "minecraft:recipes/decorations/cobblestone_wall": {
    "criteria": {
      "has_cobblestone": "2024-07-18 21:28:46 +0000"
    },
    "done": true
  },
  "minecraft:recipes/tools/stone_axe": {
    "criteria": {
      "has_cobblestone": "2024-07-18 21:28:46 +0000"
    },
    "done": true
  },
  "minecraft:story/mine_stone": {
    "criteria": {
      "get_stone": "2024-07-18 21:28:46 +0000"
    },
    "done": true
  },
  "minecraft:recipes/decorations/furnace": {
    "criteria": {
      "has_cobblestone": "2024-07-18 21:28:46 +0000"
    },
    "done": true
  },
  "minecraft:recipes/building_blocks/cobblestone_slab_from_cobblestone_stonecutting": {
    "criteria": {
      "has_cobblestone": "2024-07-18 21:28:46 +0000"
    },
    "done": true
  },
  "minecraft:recipes/building_blocks/stone": {
    "criteria": {
      "has_cobblestone": "2024-07-18 21:28:46 +0000"
    },
    "done": true
  },
  "minecraft:recipes/tools/stone_pickaxe": {
    "criteria": {
      "has_cobblestone": "2024-07-18 21:28:46 +0000"
    },
    "done": true
  },
  "minecraft:recipes/building_blocks/cobblestone_slab": {
    "criteria": {
      "has_cobblestone": "2024-07-18 21:28:46 +0000"
    },
    "done": true
  },
  "minecraft:recipes/decorations/cobblestone_wall_from_cobblestone_stonecutting": {
    "criteria": {
      "has_cobblestone": "2024-07-18 21:28:46 +0000"
    },
    "done": true
  },
  "minecraft:recipes/building_blocks/cobblestone_stairs_from_cobblestone_stonecutting": {
    "criteria": {
      "has_cobblestone": "2024-07-18 21:28:46 +0000"
    },
    "done": true
  },
  "minecraft:recipes/building_blocks/cobblestone_stairs": {
    "criteria": {
      "has_cobblestone": "2024-07-18 21:28:46 +0000"
    },
    "done": true
  },
  "minecraft:recipes/tools/stone_hoe": {
    "criteria": {
      "has_cobblestone": "2024-07-18 21:28:46 +0000"
    },
    "done": true
  },
  "minecraft:recipes/tools/stone_shovel": {
    "criteria": {
      "has_cobblestone": "2024-07-18 21:28:46 +0000"
    },
    "done": true
  },
  "travelersbackpack:recipes/misc/coal": {
    "criteria": {
      "has_coal": "2024-07-18 21:28:51 +0000"
    },
    "done": true
  },
  "biomesoplenty:recipes/transportation/willow_boat": {
    "criteria": {
      "in_water": "2024-07-18 21:28:51 +0000"
    },
    "done": true
  },
  "armorplus:recipes/armorplus.weapons/crafting/shaped/coal/coal_arrow": {
    "criteria": {
      "has_req": "2024-07-18 21:28:51 +0000"
    },
    "done": true
  },
  "biomesoplenty:recipes/transportation/fir_boat": {
    "criteria": {
      "in_water": "2024-07-18 21:28:51 +0000"
    },
    "done": true
  },
  "minecraft:recipes/transportation/cherry_boat": {
    "criteria": {
      "in_water": "2024-07-18 21:28:51 +0000"
    },
    "done": true
  },
  "biomesoplenty:recipes/transportation/umbran_boat": {
    "criteria": {
      "in_water": "2024-07-18 21:28:51 +0000"
    },
    "done": true
  },
  "minecraft:recipes/transportation/bamboo_raft": {
    "criteria": {
      "in_water": "2024-07-18 21:28:51 +0000"
    },
    "done": true
  },
  "biomesoplenty:recipes/transportation/dead_boat": {
    "criteria": {
      "in_water": "2024-07-18 21:28:51 +0000"
    },
    "done": true
  },
  "minecraft:recipes/transportation/spruce_boat": {
    "criteria": {
      "in_water": "2024-07-18 21:28:51 +0000"
    },
    "done": true
  },
  "biomesoplenty:recipes/transportation/magic_boat": {
    "criteria": {
      "in_water": "2024-07-18 21:28:51 +0000"
    },
    "done": true
  },
  "minecraft:recipes/transportation/birch_boat": {
    "criteria": {
      "in_water": "2024-07-18 21:28:51 +0000"
    },
    "done": true
  },
  "minecraft:recipes/transportation/oak_boat": {
    "criteria": {
      "in_water": "2024-07-18 21:28:51 +0000"
    },
    "done": true
  },
  "biomesoplenty:recipes/transportation/redwood_boat": {
    "criteria": {
      "in_water": "2024-07-18 21:28:51 +0000"
    },
    "done": true
  },
  "minecraft:recipes/building_blocks/coal_block": {
    "criteria": {
      "has_coal": "2024-07-18 21:28:51 +0000"
    },
    "done": true
  },
  "minecraft:recipes/transportation/mangrove_boat": {
    "criteria": {
      "in_water": "2024-07-18 21:28:51 +0000"
    },
    "done": true
  },
  "biomesoplenty:recipes/transportation/hellbark_boat": {
    "criteria": {
      "in_water": "2024-07-18 21:28:51 +0000"
    },
    "done": true
  },
  "biomesoplenty:recipes/transportation/jacaranda_boat": {
    "criteria": {
      "in_water": "2024-07-18 21:28:51 +0000"
    },
    "done": true
  },
  "biomesoplenty:recipes/transportation/mahogany_boat": {
    "criteria": {
      "in_water": "2024-07-18 21:28:51 +0000"
    },
    "done": true
  },
  "biomesoplenty:recipes/transportation/palm_boat": {
    "criteria": {
      "in_water": "2024-07-18 21:28:51 +0000"
    },
    "done": true
  },
  "minecraft:recipes/transportation/acacia_boat": {
    "criteria": {
      "in_water": "2024-07-18 21:28:51 +0000"
    },
    "done": true
  },
  "minecraft:recipes/transportation/jungle_boat": {
    "criteria": {
      "in_water": "2024-07-18 21:28:51 +0000"
    },
    "done": true
  },
  "minecraft:recipes/transportation/dark_oak_boat": {
    "criteria": {
      "in_water": "2024-07-18 21:28:51 +0000"
    },
    "done": true
  },
  "minecraft:recipes/decorations/torch": {
    "criteria": {
      "has_stone_pickaxe": "2024-07-18 21:33:59 +0000"
    },
    "done": true
  },
  "minecraft:story/upgrade_tools": {
    "criteria": {
      "stone_pickaxe": "2024-07-18 21:33:59 +0000"
    },
    "done": true
  },
  "minecraft:adventure/root": {
    "criteria": {
      "killed_something": "2024-07-18 21:35:40 +0000"
    },
    "done": true
  },
  "tombstone:adventure/find_grave_dust": {
    "criteria": {
      "from_undead": "2024-07-18 21:36:15 +0000"
    },
    "done": true
  },
  "minecraft:adventure/kill_all_mobs": {
    "criteria": {
      "minecraft:skeleton": "2024-07-18 21:52:08 +0000",
      "minecraft:spider": "2024-07-18 23:13:33 +0000",
      "minecraft:creeper": "2024-07-18 22:21:43 +0000",
      "minecraft:husk": "2024-07-19 02:56:46 +0000",
      "minecraft:zombie": "2024-07-18 21:36:15 +0000"
    },
    "done": false
  },
  "minecraft:adventure/kill_a_mob": {
    "criteria": {
      "minecraft:zombie": "2024-07-18 21:36:15 +0000"
    },
    "done": true
  },
  "tombstone:recipes/from_grave_dust": {
    "criteria": {
      "has_ingredient": "2024-07-18 21:36:25 +0000"
    },
    "done": true
  },
  "biomesoplenty:recipes/transportation/jacaranda_chest_boat": {
    "criteria": {
      "has_boat": "2024-07-18 21:37:08 +0000"
    },
    "done": true
  },
  "minecraft:recipes/transportation/spruce_chest_boat": {
    "criteria": {
      "has_boat": "2024-07-18 21:37:08 +0000"
    },
    "done": true
  },
  "minecraft:recipes/transportation/jungle_chest_boat": {
    "criteria": {
      "has_boat": "2024-07-18 21:37:08 +0000"
    },
    "done": true
  },
  "minecraft:recipes/transportation/acacia_chest_boat": {
    "criteria": {
      "has_boat": "2024-07-18 21:37:08 +0000"
    },
    "done": true
  },
  "biomesoplenty:recipes/transportation/magic_chest_boat": {
    "criteria": {
      "has_boat": "2024-07-18 21:37:08 +0000"
    },
    "done": true
  },
  "minecraft:recipes/transportation/mangrove_chest_boat": {
    "criteria": {
      "has_boat": "2024-07-18 21:37:08 +0000"
    },
    "done": true
  },
  "biomesoplenty:recipes/transportation/fir_chest_boat": {
    "criteria": {
      "has_boat": "2024-07-18 21:37:08 +0000"
    },
    "done": true
  },
  "biomesoplenty:recipes/transportation/palm_chest_boat": {
    "criteria": {
      "has_boat": "2024-07-18 21:37:08 +0000"
    },
    "done": true
  },
  "biomesoplenty:recipes/transportation/redwood_chest_boat": {
    "criteria": {
      "has_boat": "2024-07-18 21:37:08 +0000"
    },
    "done": true
  },
  "minecraft:recipes/transportation/oak_chest_boat": {
    "criteria": {
      "has_boat": "2024-07-18 21:37:08 +0000"
    },
    "done": true
  },
  "minecraft:recipes/transportation/cherry_chest_boat": {
    "criteria": {
      "has_boat": "2024-07-18 21:37:08 +0000"
    },
    "done": true
  },
  "minecraft:recipes/transportation/birch_chest_boat": {
    "criteria": {
      "has_boat": "2024-07-18 21:37:08 +0000"
    },
    "done": true
  },
  "biomesoplenty:recipes/transportation/dead_chest_boat": {
    "criteria": {
      "has_boat": "2024-07-18 21:37:08 +0000"
    },
    "done": true
  },
  "minecraft:recipes/transportation/dark_oak_chest_boat": {
    "criteria": {
      "has_boat": "2024-07-18 21:37:08 +0000"
    },
    "done": true
  },
  "minecraft:recipes/transportation/bamboo_chest_raft": {
    "criteria": {
      "has_boat": "2024-07-18 21:37:08 +0000"
    },
    "done": true
  },
  "biomesoplenty:recipes/transportation/hellbark_chest_boat": {
    "criteria": {
      "has_boat": "2024-07-18 21:37:08 +0000"
    },
    "done": true
  },
  "biomesoplenty:recipes/transportation/mahogany_chest_boat": {
    "criteria": {
      "has_boat": "2024-07-18 21:37:08 +0000"
    },
    "done": true
  },
  "biomesoplenty:recipes/transportation/umbran_chest_boat": {
    "criteria": {
      "has_boat": "2024-07-18 21:37:08 +0000"
    },
    "done": true
  },
  "biomesoplenty:recipes/transportation/willow_chest_boat": {
    "criteria": {
      "has_boat": "2024-07-18 21:37:08 +0000"
    },
    "done": true
  },
  "minecraft:recipes/building_blocks/stone_brick_stairs": {
    "criteria": {
      "has_stone_bricks": "2024-07-18 21:38:58 +0000"
    },
    "done": true
  },
  "minecraft:recipes/building_blocks/chiseled_stone_bricks": {
    "criteria": {
      "has_tag": "2024-07-18 21:38:58 +0000"
    },
    "done": true
  },
  "minecraft:recipes/decorations/mossy_stone_brick_wall": {
    "criteria": {
      "has_mossy_stone_bricks": "2024-07-18 21:38:58 +0000"
    },
    "done": true
  },
  "minecraft:recipes/building_blocks/mossy_stone_brick_slab": {
    "criteria": {
      "has_mossy_stone_bricks": "2024-07-18 21:38:58 +0000"
    },
    "done": true
  },
  "minecraft:recipes/building_blocks/mossy_stone_brick_stairs": {
    "criteria": {
      "has_mossy_stone_bricks": "2024-07-18 21:38:58 +0000"
    },
    "done": true
  },
  "minecraft:recipes/building_blocks/stone_brick_slab": {
    "criteria": {
      "has_stone_bricks": "2024-07-18 21:38:58 +0000"
    },
    "done": true
  },
  "minecraft:recipes/building_blocks/mossy_stone_brick_stairs_from_mossy_stone_brick_stonecutting": {
    "criteria": {
      "has_mossy_stone_bricks": "2024-07-18 21:38:58 +0000"
    },
    "done": true
  },
  "minecraft:recipes/decorations/mossy_stone_brick_wall_from_mossy_stone_brick_stonecutting": {
    "criteria": {
      "has_mossy_stone_bricks": "2024-07-18 21:38:58 +0000"
    },
    "done": true
  },
  "minecraft:recipes/building_blocks/mossy_stone_brick_slab_from_mossy_stone_brick_stonecutting": {
    "criteria": {
      "has_mossy_stone_bricks": "2024-07-18 21:38:58 +0000"
    },
    "done": true
  },
  "minecraft:recipes/building_blocks/mossy_cobblestone_stairs_from_mossy_cobblestone_stonecutting": {
    "criteria": {
      "has_mossy_cobblestone": "2024-07-18 21:38:59 +0000"
    },
    "done": true
  },
  "minecraft:recipes/building_blocks/mossy_cobblestone_slab": {
    "criteria": {
      "has_mossy_cobblestone": "2024-07-18 21:38:59 +0000"
    },
    "done": true
  },
  "minecraft:recipes/building_blocks/mossy_cobblestone_stairs": {
    "criteria": {
      "has_mossy_cobblestone": "2024-07-18 21:38:59 +0000"
    },
    "done": true
  },
  "minecraft:recipes/decorations/mossy_cobblestone_wall": {
    "criteria": {
      "has_mossy_cobblestone": "2024-07-18 21:38:59 +0000"
    },
    "done": true
  },
  "minecraft:recipes/building_blocks/mossy_cobblestone_slab_from_mossy_cobblestone_stonecutting": {
    "criteria": {
      "has_mossy_cobblestone": "2024-07-18 21:38:59 +0000"
    },
    "done": true
  },
  "minecraft:recipes/decorations/mossy_cobblestone_wall_from_mossy_cobblestone_stonecutting": {
    "criteria": {
      "has_mossy_cobblestone": "2024-07-18 21:38:59 +0000"
    },
    "done": true
  },
  "minecraft:recipes/food/bread": {
    "criteria": {
      "has_wheat": "2024-07-18 21:39:08 +0000"
    },
    "done": true
  },
  "minecraft:recipes/building_blocks/hay_block": {
    "criteria": {
      "has_wheat": "2024-07-18 21:39:08 +0000"
    },
    "done": true
  },
  "travelersbackpack:recipes/misc/hay": {
    "criteria": {
      "has_wheat": "2024-07-18 21:39:08 +0000"
    },
    "done": true
  },
  "alexscaves:alexscaves/cave_tablet": {
    "criteria": {
      "cave_tablet": "2024-07-18 21:39:59 +0000"
    },
    "done": true
  },
  "artifacts:amateur_archaeologist": {
    "criteria": {
      "find_artifact": "2024-07-18 21:39:59 +0000"
    },
    "done": true
  },
  "minecraft:recipes/misc/gold_ingot_from_nuggets": {
    "criteria": {
      "has_gold_nugget": "2024-07-18 21:40:00 +0000"
    },
    "done": true
  },
  "minecraft:recipes/brewing/golden_carrot": {
    "criteria": {
      "has_gold_nugget": "2024-07-18 21:40:00 +0000"
    },
    "done": true
  },
  "dungeons_arise:find_illager_corsair_or_illager_galley": {
    "criteria": {
      "location0": "2024-07-18 21:40:23 +0000"
    },
    "done": true
  },
  "minecraft:husbandry/root": {
    "criteria": {
      "consumed_item": "2024-07-18 21:40:29 +0000"
    },
    "done": true
  },
  "minecraft:husbandry/balanced_diet": {
    "criteria": {
      "cooked_porkchop": "2024-07-18 23:46:42 +0000",
      "cooked_mutton": "2024-07-19 01:26:11 +0000",
      "sweet_berries": "2024-07-18 22:39:46 +0000",
      "cooked_beef": "2024-07-18 22:40:41 +0000",
      "baked_potato": "2024-07-18 22:09:23 +0000",
      "beef": "2024-07-18 22:38:05 +0000",
      "beetroot_soup": "2024-07-19 23:47:32 +0000",
      "apple": "2024-07-18 21:40:29 +0000",
      "potato": "2024-07-18 22:50:13 +0000",
      "bread": "2024-07-18 22:08:09 +0000",
      "rotten_flesh": "2024-07-18 21:40:33 +0000",
      "glow_berries": "2024-07-19 00:35:40 +0000",
      "cooked_chicken": "2024-07-18 21:50:17 +0000",
      "cod": "2024-07-18 21:42:08 +0000"
    },
    "done": false
  },
  "minecraft:recipes/misc/brown_dye": {
    "criteria": {
      "has_cocoa_beans": "2024-07-18 21:40:41 +0000"
    },
    "done": true
  },
  "minecraft:recipes/food/cookie": {
    "criteria": {
      "has_cocoa": "2024-07-18 21:40:41 +0000"
    },
    "done": true
  },
  "minecraft:husbandry/fishy_business": {
    "criteria": {
      "cod": "2024-07-18 21:41:19 +0000"
    },
    "done": true
  },
  "minecraft:recipes/food/cooked_cod_from_smoking": {
    "criteria": {
      "has_cod": "2024-07-18 21:41:20 +0000"
    },
    "done": true
  },
  "travelersbackpack:recipes/misc/ocelot": {
    "criteria": {
      "has_cod": "2024-07-18 21:41:20 +0000"
    },
    "done": true
  },
  "minecraft:recipes/food/cooked_cod_from_campfire_cooking": {
    "criteria": {
      "has_cod": "2024-07-18 21:41:20 +0000"
    },
    "done": true
  },
  "minecraft:recipes/food/cooked_cod": {
    "criteria": {
      "has_cod": "2024-07-18 21:41:20 +0000"
    },
    "done": true
  },
  "minecraft:recipes/redstone/trapped_chest": {
    "criteria": {
      "has_tripwire_hook": "2024-07-18 21:41:40 +0000"
    },
    "done": true
  },
  "minecraft:recipes/combat/crossbow": {
    "criteria": {
      "has_tripwire_hook": "2024-07-18 21:41:40 +0000"
    },
    "done": true
  },
  "minecraft:recipes/building_blocks/birch_wood": {
    "criteria": {
      "has_log": "2024-07-18 21:43:47 +0000"
    },
    "done": true
  },
  "minecraft:recipes/building_blocks/birch_planks": {
    "criteria": {
      "has_logs": "2024-07-18 21:43:47 +0000"
    },
    "done": true
  },
  "travelersbackpack:recipes/misc/wither": {
    "criteria": {
      "has_wither_skeleton_skull": "2024-07-18 21:44:37 +0000"
    },
    "done": true
  },
  "minecraft:nether/get_wither_skull": {
    "criteria": {
      "wither_skull": "2024-07-18 21:44:37 +0000"
    },
    "done": true
  },
  "minecraft:recipes/misc/skull_banner_pattern": {
    "criteria": {
      "has_wither_skeleton_skull": "2024-07-18 21:44:37 +0000"
    },
    "done": true
  },
  "minecraft:recipes/food/cooked_chicken_from_campfire_cooking": {
    "criteria": {
      "has_chicken": "2024-07-18 21:45:03 +0000"
    },
    "done": true
  },
  "minecraft:recipes/food/cooked_chicken": {
    "criteria": {
      "has_chicken": "2024-07-18 21:45:03 +0000"
    },
    "done": true
  },
  "minecraft:recipes/food/cooked_chicken_from_smoking": {
    "criteria": {
      "has_chicken": "2024-07-18 21:45:03 +0000"
    },
    "done": true
  },
  "armorplus:recipes/armorplus.armors/crafting/shaped/chicken/chicken_boots": {
    "criteria": {
      "has_req": "2024-07-18 21:45:10 +0000"
    },
    "done": true
  },
  "armorplus:recipes/armorplus.armors/crafting/shaped/chicken/chicken_chestplate": {
    "criteria": {
      "has_req": "2024-07-18 21:45:10 +0000"
    },
    "done": true
  },
  "armorplus:recipes/armorplus.armors/crafting/shaped/chicken/chicken_helmet": {
    "criteria": {
      "has_req": "2024-07-18 21:45:10 +0000"
    },
    "done": true
  },
  "armorplus:recipes/armorplus.armors/crafting/shaped/chicken/chicken_helmet_alt": {
    "criteria": {
      "has_req": "2024-07-18 21:45:10 +0000"
    },
    "done": true
  },
  "travelersbackpack:recipes/misc/chicken": {
    "criteria": {
      "has_feather": "2024-07-18 21:45:10 +0000"
    },
    "done": true
  },
  "armorplus:recipes/armorplus.armors/crafting/shaped/chicken/chicken_boots_alt": {
    "criteria": {
      "has_req": "2024-07-18 21:45:10 +0000"
    },
    "done": true
  },
  "armorplus:recipes/armorplus.armors/crafting/shaped/chicken/chicken_leggings": {
    "criteria": {
      "has_req": "2024-07-18 21:45:10 +0000"
    },
    "done": true
  },
  "minecraft:recipes/decorations/smoker": {
    "criteria": {
      "has_furnace": "2024-07-18 21:45:17 +0000"
    },
    "done": true
  },
  "minecraft:story/obtain_armor": {
    "criteria": {
      "iron_leggings": "2024-07-18 21:46:15 +0000"
    },
    "done": true
  },
  "minecraft:recipes/misc/iron_nugget_from_smelting": {
    "criteria": {
      "has_iron_leggings": "2024-07-18 21:46:15 +0000"
    },
    "done": true
  },
  "minecraft:recipes/misc/iron_nugget_from_blasting": {
    "criteria": {
      "has_iron_leggings": "2024-07-18 21:46:15 +0000"
    },
    "done": true
  },
  "tombstone:adventure/first_grave": {
    "criteria": {
      "coded_trigger": "2024-07-18 21:46:37 +0000"
    },
    "done": true
  },
  "tombstone:recipes/from_grave_key": {
    "criteria": {
      "has_ingredient": "2024-07-18 21:46:39 +0000"
    },
    "done": true
  },
  "alexsmobs:alexsmobs/seagull_steal": {
    "criteria": {
      "ex": "2024-07-18 21:47:54 +0000"
    },
    "done": true
  },
  "minecraft:recipes/combat/leather_helmet": {
    "criteria": {
      "has_leather": "2024-07-18 21:48:11 +0000"
    },
    "done": true
  },
  "minecraft:recipes/combat/leather_leggings": {
    "criteria": {
      "has_leather": "2024-07-18 21:48:11 +0000"
    },
    "done": true
  },
  "minecraft:recipes/combat/leather_chestplate": {
    "criteria": {
      "has_leather": "2024-07-18 21:48:11 +0000"
    },
    "done": true
  },
  "minecraft:recipes/misc/leather_horse_armor": {
    "criteria": {
      "has_leather": "2024-07-18 21:48:11 +0000"
    },
    "done": true
  },
  "travelersbackpack:recipes/misc/horse": {
    "criteria": {
      "has_leather": "2024-07-18 21:48:11 +0000"
    },
    "done": true
  },
  "minecraft:recipes/food/cooked_beef_from_smoking": {
    "criteria": {
      "has_beef": "2024-07-18 21:48:11 +0000"
    },
    "done": true
  },
  "minecraft:recipes/decorations/item_frame": {
    "criteria": {
      "has_leather": "2024-07-18 21:48:11 +0000"
    },
    "done": true
  },
  "minecraft:recipes/combat/leather_boots": {
    "criteria": {
      "has_leather": "2024-07-18 21:48:11 +0000"
    },
    "done": true
  },
  "minecraft:recipes/food/cooked_beef": {
    "criteria": {
      "has_beef": "2024-07-18 21:48:11 +0000"
    },
    "done": true
  },
  "minecraft:recipes/food/cooked_beef_from_campfire_cooking": {
    "criteria": {
      "has_beef": "2024-07-18 21:48:11 +0000"
    },
    "done": true
  },
  "minecraft:recipes/misc/bone_meal": {
    "criteria": {
      "has_bone": "2024-07-18 21:52:11 +0000"
    },
    "done": true
  },
  "travelersbackpack:recipes/misc/skeleton": {
    "criteria": {
      "has_arrow": "2024-07-18 21:52:11 +0000"
    },
    "done": true
  },
  "travelersbackpack:recipes/misc/wolf": {
    "criteria": {
      "has_bone": "2024-07-18 21:52:11 +0000"
    },
    "done": true
  },
  "immersive_armors:recipes/misc/bone": {
    "criteria": {
      "has_item": "2024-07-18 21:52:11 +0000"
    },
    "done": true
  },
  "minecraft:recipes/redstone/birch_button": {
    "criteria": {
      "has_planks": "2024-07-18 21:54:23 +0000"
    },
    "done": true
  },
  "minecraft:recipes/redstone/birch_door": {
    "criteria": {
      "has_planks": "2024-07-18 21:54:23 +0000"
    },
    "done": true
  },
  "minecraft:recipes/decorations/birch_fence": {
    "criteria": {
      "has_planks": "2024-07-18 21:54:23 +0000"
    },
    "done": true
  },
  "minecraft:recipes/decorations/birch_sign": {
    "criteria": {
      "has_planks": "2024-07-18 21:54:23 +0000"
    },
    "done": true
  },
  "minecraft:recipes/redstone/birch_fence_gate": {
    "criteria": {
      "has_planks": "2024-07-18 21:54:23 +0000"
    },
    "done": true
  },
  "minecraft:recipes/building_blocks/birch_slab": {
    "criteria": {
      "has_planks": "2024-07-18 21:54:23 +0000"
    },
    "done": true
  },
  "another_furniture:recipes/birch_chair": {
    "criteria": {
      "has_planks": "2024-07-18 21:54:23 +0000"
    },
    "done": true
  },
  "minecraft:recipes/building_blocks/birch_stairs": {
    "criteria": {
      "has_planks": "2024-07-18 21:54:23 +0000"
    },
    "done": true
  },
  "minecraft:recipes/redstone/birch_trapdoor": {
    "criteria": {
      "has_planks": "2024-07-18 21:54:23 +0000"
    },
    "done": true
  },
  "another_furniture:recipes/birch_shelf": {
    "criteria": {
      "has_planks": "2024-07-18 21:54:23 +0000"
    },
    "done": true
  },
  "minecraft:recipes/redstone/birch_pressure_plate": {
    "criteria": {
      "has_planks": "2024-07-18 21:54:23 +0000"
    },
    "done": true
  },
  "another_furniture:recipes/birch_table": {
    "criteria": {
      "has_planks": "2024-07-18 21:54:23 +0000"
    },
    "done": true
  },
  "minecraft:recipes/building_blocks/dark_oak_planks": {
    "criteria": {
      "has_log": "2024-07-18 21:57:29 +0000"
    },
    "done": true
  },
  "minecraft:recipes/building_blocks/dark_oak_wood": {
    "criteria": {
      "has_log": "2024-07-18 21:57:29 +0000"
    },
    "done": true
  },
  "minecraft:recipes/building_blocks/spruce_wood": {
    "criteria": {
      "has_log": "2024-07-18 21:57:50 +0000"
    },
    "done": true
  },
  "minecraft:recipes/building_blocks/spruce_planks": {
    "criteria": {
      "has_logs": "2024-07-18 21:57:50 +0000"
    },
    "done": true
  },
  "minecraft:recipes/redstone/dark_oak_fence_gate": {
    "criteria": {
      "has_planks": "2024-07-18 21:58:12 +0000"
    },
    "done": true
  },
  "minecraft:recipes/redstone/dark_oak_trapdoor": {
    "criteria": {
      "has_planks": "2024-07-18 21:58:12 +0000"
    },
    "done": true
  },
  "another_furniture:recipes/dark_oak_table": {
    "criteria": {
      "has_planks": "2024-07-18 21:58:12 +0000"
    },
    "done": true
  },
  "minecraft:recipes/redstone/dark_oak_button": {
    "criteria": {
      "has_planks": "2024-07-18 21:58:12 +0000"
    },
    "done": true
  },
  "another_furniture:recipes/dark_oak_chair": {
    "criteria": {
      "has_planks": "2024-07-18 21:58:12 +0000"
    },
    "done": true
  },
  "minecraft:recipes/building_blocks/dark_oak_stairs": {
    "criteria": {
      "has_planks": "2024-07-18 21:58:12 +0000"
    },
    "done": true
  },
  "minecraft:recipes/redstone/dark_oak_pressure_plate": {
    "criteria": {
      "has_planks": "2024-07-18 21:58:12 +0000"
    },
    "done": true
  },
  "minecraft:recipes/decorations/dark_oak_fence": {
    "criteria": {
      "has_planks": "2024-07-18 21:58:12 +0000"
    },
    "done": true
  },
  "minecraft:recipes/building_blocks/dark_oak_slab": {
    "criteria": {
      "has_planks": "2024-07-18 21:58:12 +0000"
    },
    "done": true
  },
  "minecraft:recipes/redstone/dark_oak_door": {
    "criteria": {
      "has_planks": "2024-07-18 21:58:12 +0000"
    },
    "done": true
  },
  "another_furniture:recipes/dark_oak_shelf": {
    "criteria": {
      "has_planks": "2024-07-18 21:58:12 +0000"
    },
    "done": true
  },
  "minecraft:recipes/decorations/dark_oak_sign": {
    "criteria": {
      "has_planks": "2024-07-18 21:58:12 +0000"
    },
    "done": true
  },
  "travelersbackpack:recipes/misc/standard": {
    "criteria": {
      "has_chest": "2024-07-18 22:01:16 +0000"
    },
    "done": true
  },
  "travelersbackpack:recipes/misc/blank_upgrade": {
    "criteria": {
      "has_chest": "2024-07-18 22:01:16 +0000"
    },
    "done": true
  },
  "minecraft:adventure/sleep_in_bed": {
    "criteria": {
      "slept_in_bed": "2024-07-18 22:04:53 +0000"
    },
    "done": true
  },
  "minecraft:recipes/food/baked_potato_from_campfire_cooking": {
    "criteria": {
      "has_potato": "2024-07-18 22:07:21 +0000"
    },
    "done": true
  },
  "minecraft:recipes/food/baked_potato": {
    "criteria": {
      "has_potato": "2024-07-18 22:07:21 +0000"
    },
    "done": true
  },
  "minecraft:recipes/food/baked_potato_from_smoking": {
    "criteria": {
      "has_potato": "2024-07-18 22:07:21 +0000"
    },
    "done": true
  },
  "travelersbackpack:recipes/misc/creeper": {
    "criteria": {
      "has_gunpowder": "2024-07-18 22:21:43 +0000"
    },
    "done": true
  },
  "minecraft:recipes/misc/firework_rocket_simple": {
    "criteria": {
      "has_gunpowder": "2024-07-18 22:21:43 +0000"
    },
    "done": true
  },
  "minecraft:recipes/redstone/tnt": {
    "criteria": {
      "has_gunpowder": "2024-07-18 22:21:43 +0000"
    },
    "done": true
  },
  "minecraft:recipes/tools/golden_axe": {
    "criteria": {
      "has_gold_ingot": "2024-07-18 22:22:34 +0000"
    },
    "done": true
  },
  "minecraft:recipes/tools/golden_pickaxe": {
    "criteria": {
      "has_gold_ingot": "2024-07-18 22:22:34 +0000"
    },
    "done": true
  },
  "minecraft:recipes/misc/gold_nugget": {
    "criteria": {
      "has_gold_ingot": "2024-07-18 22:22:34 +0000"
    },
    "done": true
  },
  "minecraft:recipes/tools/golden_shovel": {
    "criteria": {
      "has_gold_ingot": "2024-07-18 22:22:34 +0000"
    },
    "done": true
  },
  "minecraft:recipes/food/golden_apple": {
    "criteria": {
      "has_gold_ingot": "2024-07-18 22:22:34 +0000"
    },
    "done": true
  },
  "minecraft:recipes/combat/golden_boots": {
    "criteria": {
      "has_gold_ingot": "2024-07-18 22:22:34 +0000"
    },
    "done": true
  },
  "minecraft:recipes/combat/golden_helmet": {
    "criteria": {
      "has_gold_ingot": "2024-07-18 22:22:34 +0000"
    },
    "done": true
  },
  "minecraft:recipes/combat/golden_chestplate": {
    "criteria": {
      "has_gold_ingot": "2024-07-18 22:22:34 +0000"
    },
    "done": true
  },
  "travelersbackpack:recipes/misc/gold": {
    "criteria": {
      "has_gold_ingot": "2024-07-18 22:22:34 +0000"
    },
    "done": true
  },
  "minecraft:recipes/redstone/light_weighted_pressure_plate": {
    "criteria": {
      "has_gold_ingot": "2024-07-18 22:22:34 +0000"
    },
    "done": true
  },
  "minecraft:recipes/combat/golden_sword": {
    "criteria": {
      "has_gold_ingot": "2024-07-18 22:22:34 +0000"
    },
    "done": true
  },
  "minecraft:recipes/building_blocks/gold_block": {
    "criteria": {
      "has_gold_ingot": "2024-07-18 22:22:34 +0000"
    },
    "done": true
  },
  "armorplus:recipes/armorplus.items/crafting/shaped/enhanced/en_gold": {
    "criteria": {
      "has_req": "2024-07-18 22:22:34 +0000"
    },
    "done": true
  },
  "travelersbackpack:recipes/misc/gold_tier_upgrade": {
    "criteria": {
      "has_gold_ingot": "2024-07-18 22:22:34 +0000"
    },
    "done": true
  },
  "minecraft:recipes/tools/golden_hoe": {
    "criteria": {
      "has_gold_ingot": "2024-07-18 22:22:34 +0000"
    },
    "done": true
  },
  "minecraft:recipes/combat/golden_leggings": {
    "criteria": {
      "has_gold_ingot": "2024-07-18 22:22:34 +0000"
    },
    "done": true
  },
  "minecraft:recipes/combat/iron_leggings": {
    "criteria": {
      "has_iron_ingot": "2024-07-18 22:22:59 +0000"
    },
    "done": true
  },
  "armorplus:recipes/armorplus.items/crafting/shaped/enhanced/en_iron": {
    "criteria": {
      "has_req": "2024-07-18 22:22:59 +0000"
    },
    "done": true
  },
  "minecraft:recipes/combat/iron_chestplate": {
    "criteria": {
      "has_iron_ingot": "2024-07-18 22:22:59 +0000"
    },
    "done": true
  },
  "travelersbackpack:recipes/misc/backpack_tank": {
    "criteria": {
      "has_iron": "2024-07-18 22:22:59 +0000"
    },
    "done": true
  },
  "minecraft:recipes/misc/iron_nugget": {
    "criteria": {
      "has_iron_ingot": "2024-07-18 22:22:59 +0000"
    },
    "done": true
  },
  "minecraft:recipes/misc/bucket": {
    "criteria": {
      "has_iron_ingot": "2024-07-18 22:22:59 +0000"
    },
    "done": true
  },
  "minecraft:recipes/combat/iron_helmet": {
    "criteria": {
      "has_iron_ingot": "2024-07-18 22:22:59 +0000"
    },
    "done": true
  },
  "minecraft:recipes/transportation/minecart": {
    "criteria": {
      "has_iron_ingot": "2024-07-18 22:22:59 +0000"
    },
    "done": true
  },
  "minecraft:recipes/tools/iron_hoe": {
    "criteria": {
      "has_iron_ingot": "2024-07-18 22:22:59 +0000"
    },
    "done": true
  },
  "minecraft:story/smelt_iron": {
    "criteria": {
      "iron": "2024-07-18 22:22:59 +0000"
    },
    "done": true
  },
  "minecraft:recipes/tools/shears": {
    "criteria": {
      "has_iron_ingot": "2024-07-18 22:22:59 +0000"
    },
    "done": true
  },
  "minecraft:recipes/building_blocks/iron_block": {
    "criteria": {
      "has_iron_ingot": "2024-07-18 22:22:59 +0000"
    },
    "done": true
  },
  "minecraft:recipes/decorations/smithing_table": {
    "criteria": {
      "has_iron_ingot": "2024-07-18 22:22:59 +0000"
    },
    "done": true
  },
  "minecraft:recipes/combat/iron_sword": {
    "criteria": {
      "has_iron_ingot": "2024-07-18 22:22:59 +0000"
    },
    "done": true
  },
  "minecraft:recipes/tools/iron_pickaxe": {
    "criteria": {
      "has_iron_ingot": "2024-07-18 22:22:59 +0000"
    },
    "done": true
  },
  "minecraft:recipes/combat/shield": {
    "criteria": {
      "has_iron_ingot": "2024-07-18 22:22:59 +0000"
    },
    "done": true
  },
  "minecraft:recipes/redstone/hopper": {
    "criteria": {
      "has_iron_ingot": "2024-07-18 22:22:59 +0000"
    },
    "done": true
  },
  "travelersbackpack:recipes/misc/iron": {
    "criteria": {
      "has_iron_ingot": "2024-07-18 22:22:59 +0000"
    },
    "done": true
  },
  "minecraft:recipes/decorations/iron_bars": {
    "criteria": {
      "has_iron_ingot": "2024-07-18 22:22:59 +0000"
    },
    "done": true
  },
  "travelersbackpack:recipes/misc/iron_tier_upgrade": {
    "criteria": {
      "has_iron_ingot": "2024-07-18 22:22:59 +0000"
    },
    "done": true
  },
  "minecraft:recipes/combat/iron_boots": {
    "criteria": {
      "has_iron_ingot": "2024-07-18 22:22:59 +0000"
    },
    "done": true
  },
  "travelersbackpack:recipes/misc/hose_nozzle": {
    "criteria": {
      "has_iron": "2024-07-18 22:22:59 +0000"
    },
    "done": true
  },
  "minecraft:recipes/tools/iron_shovel": {
    "criteria": {
      "has_iron_ingot": "2024-07-18 22:22:59 +0000"
    },
    "done": true
  },
  "minecraft:recipes/redstone/iron_trapdoor": {
    "criteria": {
      "has_iron_ingot": "2024-07-18 22:22:59 +0000"
    },
    "done": true
  },
  "minecraft:recipes/tools/iron_axe": {
    "criteria": {
      "has_iron_ingot": "2024-07-18 22:22:59 +0000"
    },
    "done": true
  },
  "minecraft:recipes/redstone/iron_door": {
    "criteria": {
      "has_iron_ingot": "2024-07-18 22:22:59 +0000"
    },
    "done": true
  },
  "minecraft:recipes/redstone/heavy_weighted_pressure_plate": {
    "criteria": {
      "has_iron_ingot": "2024-07-18 22:22:59 +0000"
    },
    "done": true
  },
  "minecraft:recipes/misc/magenta_dye_from_allium": {
    "criteria": {
      "has_allium": "2024-07-18 22:23:32 +0000"
    },
    "done": true
  },
  "minecraft:recipes/decorations/grindstone": {
    "criteria": {
      "has_stone_slab": "2024-07-18 22:25:00 +0000"
    },
    "done": true
  },
  "tombstone:adventure/first_knowledge": {
    "criteria": {
      "coded_trigger": "2024-07-18 22:29:51 +0000"
    },
    "done": true
  },
  "tombstone:adventure/ashes_and_bones": {
    "criteria": {
      "coded_trigger": "2024-07-18 22:29:51 +0000"
    },
    "done": true
  },
  "tombstone:adventure/choose_knowledge": {
    "criteria": {
      "coded_trigger": "2024-07-18 22:30:05 +0000"
    },
    "done": true
  },
  "travelersbackpack:recipes/misc/fox": {
    "criteria": {
      "has_sweet_berries": "2024-07-18 22:39:19 +0000"
    },
    "done": true
  },
  "tombstone:adventure/cancel_ghostly_shape": {
    "criteria": {
      "coded_trigger": "2024-07-18 22:41:17 +0000"
    },
    "done": true
  },
  "tombstone:adventure/chain_death": {
    "criteria": {
      "coded_trigger": "2024-07-18 22:41:30 +0000"
    },
    "done": true
  },
  "minecraft:husbandry/plant_seed": {
    "criteria": {
      "wheat": "2024-07-18 22:47:02 +0000"
    },
    "done": true
  },
  "minecraft:recipes/transportation/carrot_on_a_stick": {
    "criteria": {
      "has_carrot": "2024-07-18 22:48:09 +0000"
    },
    "done": true
  },
  "minecraft:recipes/decorations/cyan_glazed_terracotta": {
    "criteria": {
      "has_cyan_terracotta": "2024-07-18 22:48:33 +0000"
    },
    "done": true
  },
  "minecraft:recipes/decorations/light_gray_glazed_terracotta": {
    "criteria": {
      "has_light_gray_terracotta": "2024-07-18 22:49:49 +0000"
    },
    "done": true
  },
  "minecraft:recipes/misc/copper_ingot_from_blasting_raw_copper": {
    "criteria": {
      "has_raw_copper": "2024-07-18 22:50:01 +0000"
    },
    "done": true
  },
  "minecraft:recipes/building_blocks/raw_copper_block": {
    "criteria": {
      "has_raw_copper": "2024-07-18 22:50:01 +0000"
    },
    "done": true
  },
  "minecraft:recipes/misc/copper_ingot_from_smelting_raw_copper": {
    "criteria": {
      "has_raw_copper": "2024-07-18 22:50:01 +0000"
    },
    "done": true
  },
  "minecraft:recipes/building_blocks/andesite_stairs": {
    "criteria": {
      "has_andesite": "2024-07-18 22:50:44 +0000"
    },
    "done": true
  },
  "minecraft:recipes/decorations/andesite_wall_from_andesite_stonecutting": {
    "criteria": {
      "has_andesite": "2024-07-18 22:50:44 +0000"
    },
    "done": true
  },
  "minecraft:recipes/building_blocks/polished_andesite_slab_from_andesite_stonecutting": {
    "criteria": {
      "has_andesite": "2024-07-18 22:50:44 +0000"
    },
    "done": true
  },
  "minecraft:recipes/building_blocks/andesite_slab_from_andesite_stonecutting": {
    "criteria": {
      "has_andesite": "2024-07-18 22:50:44 +0000"
    },
    "done": true
  },
  "minecraft:recipes/building_blocks/andesite_stairs_from_andesite_stonecutting": {
    "criteria": {
      "has_andesite": "2024-07-18 22:50:44 +0000"
    },
    "done": true
  },
  "minecraft:recipes/building_blocks/polished_andesite_from_andesite_stonecutting": {
    "criteria": {
      "has_andesite": "2024-07-18 22:50:44 +0000"
    },
    "done": true
  },
  "minecraft:recipes/building_blocks/polished_andesite": {
    "criteria": {
      "has_andesite": "2024-07-18 22:50:44 +0000"
    },
    "done": true
  },
  "minecraft:recipes/decorations/andesite_wall": {
    "criteria": {
      "has_andesite": "2024-07-18 22:50:44 +0000"
    },
    "done": true
  },
  "minecraft:recipes/building_blocks/andesite_slab": {
    "criteria": {
      "has_andesite": "2024-07-18 22:50:44 +0000"
    },
    "done": true
  },
  "minecraft:recipes/building_blocks/polished_andesite_stairs_from_andesite_stonecutting": {
    "criteria": {
      "has_andesite": "2024-07-18 22:50:44 +0000"
    },
    "done": true
  },
  "alexsmobs:alexsmobs/sunbird_blessing": {
    "criteria": {
      "all_effects": "2024-07-18 22:51:07 +0000"
    },
    "done": true
  },
  "minecraft:recipes/redstone/lightning_rod": {
    "criteria": {
      "has_copper_ingot": "2024-07-18 22:54:04 +0000"
    },
    "done": true
  },
  "minecraft:recipes/building_blocks/copper_block": {
    "criteria": {
      "has_copper_ingot": "2024-07-18 22:54:04 +0000"
    },
    "done": true
  },
  "minecraft:recipes/tools/brush": {
    "criteria": {
      "has_copper_ingot": "2024-07-18 22:54:04 +0000"
    },
    "done": true
  },
  "minecraft:recipes/misc/pink_dye_from_pink_tulip": {
    "criteria": {
      "has_pink_tulip": "2024-07-18 22:57:36 +0000"
    },
    "done": true
  },
  "biomesoplenty:recipes/building_blocks/redwood_planks": {
    "criteria": {
      "has_logs": "2024-07-18 22:58:48 +0000"
    },
    "done": true
  },
  "biomesoplenty:recipes/redstone/redwood_trapdoor": {
    "criteria": {
      "has_planks": "2024-07-18 22:58:51 +0000"
    },
    "done": true
  },
  "biomesoplenty:recipes/redstone/redwood_button": {
    "criteria": {
      "has_planks": "2024-07-18 22:58:51 +0000"
    },
    "done": true
  },
  "biomesoplenty:recipes/decorations/redwood_sign": {
    "criteria": {
      "has_redwood_planks": "2024-07-18 22:58:51 +0000"
    },
    "done": true
  },
  "biomesoplenty:recipes/decorations/redwood_fence": {
    "criteria": {
      "has_planks": "2024-07-18 22:58:51 +0000"
    },
    "done": true
  },
  "biomesoplenty:recipes/redstone/redwood_fence_gate": {
    "criteria": {
      "has_planks": "2024-07-18 22:58:51 +0000"
    },
    "done": true
  },
  "biomesoplenty:recipes/redstone/redwood_door": {
    "criteria": {
      "has_planks": "2024-07-18 22:58:51 +0000"
    },
    "done": true
  },
  "biomesoplenty:recipes/building_blocks/redwood_slab": {
    "criteria": {
      "has_planks": "2024-07-18 22:58:51 +0000"
    },
    "done": true
  },
  "biomesoplenty:recipes/redstone/redwood_pressure_plate": {
    "criteria": {
      "has_planks": "2024-07-18 22:58:51 +0000"
    },
    "done": true
  },
  "biomesoplenty:recipes/building_blocks/redwood_stairs": {
    "criteria": {
      "has_planks": "2024-07-18 22:58:51 +0000"
    },
    "done": true
  },
  "minecraft:recipes/building_blocks/coarse_dirt": {
    "criteria": {
      "has_gravel": "2024-07-18 23:03:21 +0000"
    },
    "done": true
  },
  "minecraft:recipes/building_blocks/light_gray_concrete_powder": {
    "criteria": {
      "has_gravel": "2024-07-18 23:03:21 +0000"
    },
    "done": true
  },
  "minecraft:recipes/building_blocks/pink_concrete_powder": {
    "criteria": {
      "has_gravel": "2024-07-18 23:03:21 +0000"
    },
    "done": true
  },
  "minecraft:recipes/building_blocks/red_concrete_powder": {
    "criteria": {
      "has_gravel": "2024-07-18 23:03:21 +0000"
    },
    "done": true
  },
  "minecraft:recipes/building_blocks/brown_concrete_powder": {
    "criteria": {
      "has_gravel": "2024-07-18 23:03:21 +0000"
    },
    "done": true
  },
  "minecraft:recipes/building_blocks/light_blue_concrete_powder": {
    "criteria": {
      "has_gravel": "2024-07-18 23:03:21 +0000"
    },
    "done": true
  },
  "minecraft:recipes/building_blocks/green_concrete_powder": {
    "criteria": {
      "has_gravel": "2024-07-18 23:03:21 +0000"
    },
    "done": true
  },
  "minecraft:recipes/building_blocks/blue_concrete_powder": {
    "criteria": {
      "has_gravel": "2024-07-18 23:03:21 +0000"
    },
    "done": true
  },
  "minecraft:recipes/building_blocks/white_concrete_powder": {
    "criteria": {
      "has_gravel": "2024-07-18 23:03:21 +0000"
    },
    "done": true
  },
  "minecraft:recipes/building_blocks/lime_concrete_powder": {
    "criteria": {
      "has_gravel": "2024-07-18 23:03:21 +0000"
    },
    "done": true
  },
  "minecraft:recipes/building_blocks/orange_concrete_powder": {
    "criteria": {
      "has_gravel": "2024-07-18 23:03:21 +0000"
    },
    "done": true
  },
  "minecraft:recipes/building_blocks/magenta_concrete_powder": {
    "criteria": {
      "has_gravel": "2024-07-18 23:03:21 +0000"
    },
    "done": true
  },
  "minecraft:recipes/building_blocks/yellow_concrete_powder": {
    "criteria": {
      "has_gravel": "2024-07-18 23:03:21 +0000"
    },
    "done": true
  },
  "minecraft:recipes/building_blocks/gray_concrete_powder": {
    "criteria": {
      "has_gravel": "2024-07-18 23:03:21 +0000"
    },
    "done": true
  },
  "minecraft:recipes/building_blocks/black_concrete_powder": {
    "criteria": {
      "has_gravel": "2024-07-18 23:03:21 +0000"
    },
    "done": true
  },
  "minecraft:recipes/building_blocks/purple_concrete_powder": {
    "criteria": {
      "has_gravel": "2024-07-18 23:03:21 +0000"
    },
    "done": true
  },
  "minecraft:recipes/building_blocks/cyan_concrete_powder": {
    "criteria": {
      "has_gravel": "2024-07-18 23:03:21 +0000"
    },
    "done": true
  },
  "minecraft:story/iron_tools": {
    "criteria": {
      "iron_pickaxe": "2024-07-18 23:13:14 +0000"
    },
    "done": true
  },
  "minecraft:recipes/misc/gold_ingot_from_blasting_raw_gold": {
    "criteria": {
      "has_raw_gold": "2024-07-18 23:13:28 +0000"
    },
    "done": true
  },
  "minecraft:recipes/misc/gold_ingot_from_smelting_raw_gold": {
    "criteria": {
      "has_raw_gold": "2024-07-18 23:13:28 +0000"
    },
    "done": true
  },
  "minecraft:recipes/building_blocks/raw_gold_block": {
    "criteria": {
      "has_raw_gold": "2024-07-18 23:13:28 +0000"
    },
    "done": true
  },
  "armorplus:recipes/armorplus.items/crafting/shaped/ender_dragon/ender_dragon_bow_base": {
    "criteria": {
      "has_req": "2024-07-18 23:13:33 +0000"
    },
    "done": true
  },
  "armorplus:recipes/armorplus.weapons/crafting/shaped/lapis/lapis_bow": {
    "criteria": {
      "has_req": "2024-07-18 23:13:33 +0000"
    },
    "done": true
  },
  "armorplus:recipes/armorplus.items/crafting/shaped/guardian/guardian_bow_base_alt": {
    "criteria": {
      "has_req": "2024-07-18 23:13:33 +0000"
    },
    "done": true
  },
  "minecraft:recipes/combat/bow": {
    "criteria": {
      "has_string": "2024-07-18 23:13:33 +0000"
    },
    "done": true
  },
  "minecraft:recipes/tools/fishing_rod": {
    "criteria": {
      "has_string": "2024-07-18 23:13:33 +0000"
    },
    "done": true
  },
  "armorplus:recipes/armorplus.weapons/crafting/shaped/infused_lava/infused_lava_bow_alt": {
    "criteria": {
      "has_req": "2024-07-18 23:13:33 +0000"
    },
    "done": true
  },
  "armorplus:recipes/armorplus.weapons/crafting/shaped/emerald/emerald_bow_alt": {
    "criteria": {
      "has_req": "2024-07-18 23:13:33 +0000"
    },
    "done": true
  },
  "armorplus:recipes/armorplus.items/crafting/shaped/ender_dragon/ender_dragon_bow_base_alt": {
    "criteria": {
      "has_req": "2024-07-18 23:13:33 +0000"
    },
    "done": true
  },
  "armorplus:recipes/armorplus.weapons/crafting/shaped/infused_lava/infused_lava_bow": {
    "criteria": {
      "has_req": "2024-07-18 23:13:33 +0000"
    },
    "done": true
  },
  "minecraft:recipes/redstone/tripwire_hook": {
    "criteria": {
      "has_string": "2024-07-18 23:13:33 +0000"
    },
    "done": true
  },
  "armorplus:recipes/armorplus.weapons/crafting/shaped/emerald/emerald_bow": {
    "criteria": {
      "has_req": "2024-07-18 23:13:33 +0000"
    },
    "done": true
  },
  "travelersbackpack:recipes/misc/spider": {
    "criteria": {
      "has_string": "2024-07-18 23:13:33 +0000"
    },
    "done": true
  },
  "armorplus:recipes/armorplus.weapons/crafting/shaped/redstone/redstone_bow_alt": {
    "criteria": {
      "has_req": "2024-07-18 23:13:33 +0000"
    },
    "done": true
  },
  "minecraft:recipes/decorations/candle": {
    "criteria": {
      "has_string": "2024-07-18 23:13:33 +0000"
    },
    "done": true
  },
  "armorplus:recipes/armorplus.weapons/crafting/shaped/coal/coal_bow_alt": {
    "criteria": {
      "has_req": "2024-07-18 23:13:33 +0000"
    },
    "done": true
  },
  "armorplus:recipes/armorplus.items/crafting/shaped/super_star/super_star_bow_base": {
    "criteria": {
      "has_req": "2024-07-18 23:13:33 +0000"
    },
    "done": true
  },
  "armorplus:recipes/armorplus.weapons/crafting/shaped/lapis/lapis_bow_alt": {
    "criteria": {
      "has_req": "2024-07-18 23:13:33 +0000"
    },
    "done": true
  },
  "armorplus:recipes/armorplus.items/crafting/shaped/guardian/guardian_bow_base": {
    "criteria": {
      "has_req": "2024-07-18 23:13:33 +0000"
    },
    "done": true
  },
  "armorplus:recipes/armorplus.weapons/crafting/shaped/coal/coal_bow": {
    "criteria": {
      "has_req": "2024-07-18 23:13:33 +0000"
    },
    "done": true
  },
  "armorplus:recipes/armorplus.weapons/crafting/shaped/obsidian/obsidian_bow": {
    "criteria": {
      "has_req": "2024-07-18 23:13:33 +0000"
    },
    "done": true
  },
  "minecraft:recipes/building_blocks/white_wool_from_string": {
    "criteria": {
      "has_string": "2024-07-18 23:13:33 +0000"
    },
    "done": true
  },
  "armorplus:recipes/armorplus.items/crafting/shaped/super_star/super_star_bow_base_alt": {
    "criteria": {
      "has_req": "2024-07-18 23:13:33 +0000"
    },
    "done": true
  },
  "armorplus:recipes/armorplus.weapons/crafting/shaped/redstone/redstone_bow": {
    "criteria": {
      "has_req": "2024-07-18 23:13:33 +0000"
    },
    "done": true
  },
  "armorplus:recipes/armorplus.items/crafting/shaped/slayer/slayer_bow_base_alt": {
    "criteria": {
      "has_req": "2024-07-18 23:13:33 +0000"
    },
    "done": true
  },
  "armorplus:recipes/armorplus.items/crafting/shaped/slayer/slayer_bow_base": {
    "criteria": {
      "has_req": "2024-07-18 23:13:33 +0000"
    },
    "done": true
  },
  "minecraft:recipes/decorations/loom": {
    "criteria": {
      "has_string": "2024-07-18 23:13:33 +0000"
    },
    "done": true
  },
  "armorplus:recipes/armorplus.weapons/crafting/shaped/obsidian/obsidian_bow_alt": {
    "criteria": {
      "has_req": "2024-07-18 23:13:33 +0000"
    },
    "done": true
  },
  "alexsmobs:alexsmobs/rocky_shell": {
    "criteria": {
      "soul_heart": "2024-07-18 23:13:55 +0000"
    },
    "done": true
  },
  "minecraft:recipes/building_blocks/dripstone_block": {
    "criteria": {
      "has_pointed_dripstone": "2024-07-18 23:13:55 +0000"
    },
    "done": true
  },
  "armorplus:recipes/armorplus.items/crafting/shaped/storage/lava_crystal": {
    "criteria": {
      "has_req": "2024-07-18 23:14:00 +0000"
    },
    "done": true
  },
  "minecraft:recipes/building_blocks/raw_iron_block": {
    "criteria": {
      "has_raw_iron": "2024-07-18 23:14:36 +0000"
    },
    "done": true
  },
  "minecraft:recipes/misc/iron_ingot_from_smelting_raw_iron": {
    "criteria": {
      "has_raw_iron": "2024-07-18 23:14:36 +0000"
    },
    "done": true
  },
  "minecraft:recipes/misc/iron_ingot_from_blasting_raw_iron": {
    "criteria": {
      "has_raw_iron": "2024-07-18 23:14:36 +0000"
    },
    "done": true
  },
  "minecraft:recipes/combat/diamond_leggings": {
    "criteria": {
      "has_diamond": "2024-07-18 23:15:46 +0000"
    },
    "done": true
  },
  "armorplus:recipes/armorplus.items/crafting/shaped/enhanced/en_diamond": {
    "criteria": {
      "has_req": "2024-07-18 23:15:46 +0000"
    },
    "done": true
  },
  "minecraft:recipes/combat/diamond_sword": {
    "criteria": {
      "has_diamond": "2024-07-18 23:15:46 +0000"
    },
    "done": true
  },
  "minecraft:recipes/decorations/jukebox": {
    "criteria": {
      "has_diamond": "2024-07-18 23:15:46 +0000"
    },
    "done": true
  },
  "minecraft:recipes/combat/diamond_chestplate": {
    "criteria": {
      "has_diamond": "2024-07-18 23:15:46 +0000"
    },
    "done": true
  },
  "minecraft:recipes/tools/diamond_pickaxe": {
    "criteria": {
      "has_diamond": "2024-07-18 23:15:46 +0000"
    },
    "done": true
  },
  "minecraft:recipes/tools/diamond_hoe": {
    "criteria": {
      "has_diamond": "2024-07-18 23:15:46 +0000"
    },
    "done": true
  },
  "minecraft:recipes/tools/diamond_shovel": {
    "criteria": {
      "has_diamond": "2024-07-18 23:15:46 +0000"
    },
    "done": true
  },
  "minecraft:recipes/combat/diamond_boots": {
    "criteria": {
      "has_diamond": "2024-07-18 23:15:46 +0000"
    },
    "done": true
  },
  "travelersbackpack:recipes/misc/diamond_tier_upgrade": {
    "criteria": {
      "has_diamond": "2024-07-18 23:15:46 +0000"
    },
    "done": true
  },
  "minecraft:recipes/combat/diamond_helmet": {
    "criteria": {
      "has_diamond": "2024-07-18 23:15:46 +0000"
    },
    "done": true
  },
  "travelersbackpack:recipes/misc/diamond": {
    "criteria": {
      "has_diamond": "2024-07-18 23:15:46 +0000"
    },
    "done": true
  },
  "minecraft:recipes/building_blocks/diamond_block": {
    "criteria": {
      "has_diamond": "2024-07-18 23:15:46 +0000"
    },
    "done": true
  },
  "minecraft:story/mine_diamond": {
    "criteria": {
      "diamond": "2024-07-18 23:15:46 +0000"
    },
    "done": true
  },
  "minecraft:recipes/tools/diamond_axe": {
    "criteria": {
      "has_diamond": "2024-07-18 23:15:46 +0000"
    },
    "done": true
  },
  "minecraft:recipes/building_blocks/polished_deepslate": {
    "criteria": {
      "has_cobbled_deepslate": "2024-07-18 23:17:31 +0000"
    },
    "done": true
  },
  "minecraft:recipes/building_blocks/deepslate_tile_stairs_from_cobbled_deepslate_stonecutting": {
    "criteria": {
      "has_cobbled_deepslate": "2024-07-18 23:17:31 +0000"
    },
    "done": true
  },
  "minecraft:recipes/building_blocks/deepslate_brick_stairs_from_cobbled_deepslate_stonecutting": {
    "criteria": {
      "has_cobbled_deepslate": "2024-07-18 23:17:31 +0000"
    },
    "done": true
  },
  "minecraft:recipes/building_blocks/chiseled_deepslate_from_cobbled_deepslate_stonecutting": {
    "criteria": {
      "has_cobbled_deepslate": "2024-07-18 23:17:31 +0000"
    },
    "done": true
  },
  "minecraft:recipes/building_blocks/cobbled_deepslate_slab": {
    "criteria": {
      "has_cobbled_deepslate": "2024-07-18 23:17:31 +0000"
    },
    "done": true
  },
  "minecraft:recipes/decorations/cobbled_deepslate_wall_from_cobbled_deepslate_stonecutting": {
    "criteria": {
      "has_cobbled_deepslate": "2024-07-18 23:17:31 +0000"
    },
    "done": true
  },
  "minecraft:recipes/decorations/cobbled_deepslate_wall": {
    "criteria": {
      "has_cobbled_deepslate": "2024-07-18 23:17:31 +0000"
    },
    "done": true
  },
  "minecraft:recipes/decorations/polished_deepslate_wall_from_cobbled_deepslate_stonecutting": {
    "criteria": {
      "has_cobbled_deepslate": "2024-07-18 23:17:31 +0000"
    },
    "done": true
  },
  "minecraft:recipes/building_blocks/cobbled_deepslate_stairs_from_cobbled_deepslate_stonecutting": {
    "criteria": {
      "has_cobbled_deepslate": "2024-07-18 23:17:31 +0000"
    },
    "done": true
  },
  "minecraft:recipes/building_blocks/deepslate": {
    "criteria": {
      "has_cobbled_deepslate": "2024-07-18 23:17:31 +0000"
    },
    "done": true
  },
  "minecraft:recipes/building_blocks/polished_deepslate_stairs_from_cobbled_deepslate_stonecutting": {
    "criteria": {
      "has_cobbled_deepslate": "2024-07-18 23:17:31 +0000"
    },
    "done": true
  },
  "minecraft:recipes/decorations/deepslate_brick_wall_from_cobbled_deepslate_stonecutting": {
    "criteria": {
      "has_cobbled_deepslate": "2024-07-18 23:17:31 +0000"
    },
    "done": true
  },
  "minecraft:recipes/building_blocks/polished_deepslate_from_cobbled_deepslate_stonecutting": {
    "criteria": {
      "has_cobbled_deepslate": "2024-07-18 23:17:31 +0000"
    },
    "done": true
  },
  "minecraft:recipes/building_blocks/polished_deepslate_slab_from_cobbled_deepslate_stonecutting": {
    "criteria": {
      "has_cobbled_deepslate": "2024-07-18 23:17:31 +0000"
    },
    "done": true
  },
  "minecraft:recipes/building_blocks/deepslate_brick_slab_from_cobbled_deepslate_stonecutting": {
    "criteria": {
      "has_cobbled_deepslate": "2024-07-18 23:17:31 +0000"
    },
    "done": true
  },
  "minecraft:recipes/building_blocks/cobbled_deepslate_slab_from_cobbled_deepslate_stonecutting": {
    "criteria": {
      "has_cobbled_deepslate": "2024-07-18 23:17:31 +0000"
    },
    "done": true
  },
  "minecraft:recipes/building_blocks/deepslate_tile_slab_from_cobbled_deepslate_stonecutting": {
    "criteria": {
      "has_cobbled_deepslate": "2024-07-18 23:17:31 +0000"
    },
    "done": true
  },
  "minecraft:recipes/building_blocks/cobbled_deepslate_stairs": {
    "criteria": {
      "has_cobbled_deepslate": "2024-07-18 23:17:31 +0000"
    },
    "done": true
  },
  "minecraft:recipes/decorations/deepslate_tile_wall_from_cobbled_deepslate_stonecutting": {
    "criteria": {
      "has_cobbled_deepslate": "2024-07-18 23:17:31 +0000"
    },
    "done": true
  },
  "minecraft:recipes/building_blocks/deepslate_bricks_from_cobbled_deepslate_stonecutting": {
    "criteria": {
      "has_cobbled_deepslate": "2024-07-18 23:17:31 +0000"
    },
    "done": true
  },
  "minecraft:recipes/building_blocks/deepslate_tiles_from_cobbled_deepslate_stonecutting": {
    "criteria": {
      "has_cobbled_deepslate": "2024-07-18 23:17:31 +0000"
    },
    "done": true
  },
  "minecraft:recipes/decorations/spruce_sign": {
    "criteria": {
      "has_planks": "2024-07-18 23:18:57 +0000"
    },
    "done": true
  },
  "another_furniture:recipes/spruce_table": {
    "criteria": {
      "has_planks": "2024-07-18 23:18:57 +0000"
    },
    "done": true
  },
  "minecraft:recipes/decorations/spruce_fence": {
    "criteria": {
      "has_planks": "2024-07-18 23:18:57 +0000"
    },
    "done": true
  },
  "minecraft:recipes/building_blocks/spruce_slab": {
    "criteria": {
      "has_planks": "2024-07-18 23:18:57 +0000"
    },
    "done": true
  },
  "another_furniture:recipes/spruce_shelf": {
    "criteria": {
      "has_planks": "2024-07-18 23:18:57 +0000"
    },
    "done": true
  },
  "minecraft:recipes/redstone/spruce_button": {
    "criteria": {
      "has_planks": "2024-07-18 23:18:57 +0000"
    },
    "done": true
  },
  "minecraft:recipes/redstone/spruce_pressure_plate": {
    "criteria": {
      "has_planks": "2024-07-18 23:18:57 +0000"
    },
    "done": true
  },
  "minecraft:recipes/redstone/spruce_trapdoor": {
    "criteria": {
      "has_planks": "2024-07-18 23:18:57 +0000"
    },
    "done": true
  },
  "minecraft:recipes/redstone/spruce_door": {
    "criteria": {
      "has_planks": "2024-07-18 23:18:57 +0000"
    },
    "done": true
  },
  "minecraft:recipes/redstone/spruce_fence_gate": {
    "criteria": {
      "has_planks": "2024-07-18 23:18:57 +0000"
    },
    "done": true
  },
  "minecraft:recipes/building_blocks/spruce_stairs": {
    "criteria": {
      "has_planks": "2024-07-18 23:18:57 +0000"
    },
    "done": true
  },
  "another_furniture:recipes/spruce_chair": {
    "criteria": {
      "has_planks": "2024-07-18 23:18:57 +0000"
    },
    "done": true
  },
  "armorplus:recipes/armorplus.items/crafting/shaped/storage/frost_crystal": {
    "criteria": {
      "has_req": "2024-07-18 23:24:12 +0000"
    },
    "done": true
  },
  "minecraft:recipes/food/cooked_porkchop_from_campfire_cooking": {
    "criteria": {
      "has_porkchop": "2024-07-18 23:39:23 +0000"
    },
    "done": true
  },
  "minecraft:recipes/food/cooked_porkchop": {
    "criteria": {
      "has_porkchop": "2024-07-18 23:39:23 +0000"
    },
    "done": true
  },
  "minecraft:recipes/food/cooked_porkchop_from_smoking": {
    "criteria": {
      "has_porkchop": "2024-07-18 23:39:23 +0000"
    },
    "done": true
  },
  "travelersbackpack:recipes/misc/pig": {
    "criteria": {
      "has_porkchop": "2024-07-18 23:39:23 +0000"
    },
    "done": true
  },
  "alexscaves:alexscaves/deepsight": {
    "criteria": {
      "all_effects": "2024-07-18 23:47:31 +0000"
    },
    "done": true
  },
  "minecraft:recipes/building_blocks/mossy_cobblestone_from_moss_block": {
    "criteria": {
      "has_moss_block": "2024-07-18 23:59:47 +0000"
    },
    "done": true
  },
  "minecraft:recipes/decorations/moss_carpet": {
    "criteria": {
      "has_moss_block": "2024-07-18 23:59:47 +0000"
    },
    "done": true
  },
  "minecraft:recipes/building_blocks/mossy_stone_bricks_from_moss_block": {
    "criteria": {
      "has_moss_block": "2024-07-18 23:59:47 +0000"
    },
    "done": true
  },
  "minecraft:recipes/building_blocks/clay": {
    "criteria": {
      "has_clay_ball": "2024-07-19 00:01:00 +0000"
    },
    "done": true
  },
  "minecraft:recipes/misc/brick": {
    "criteria": {
      "has_clay_ball": "2024-07-19 00:01:00 +0000"
    },
    "done": true
  },
  "minecraft:recipes/misc/blue_dye": {
    "criteria": {
      "has_lapis_lazuli": "2024-07-19 00:03:12 +0000"
    },
    "done": true
  },
  "minecraft:recipes/building_blocks/lapis_block": {
    "criteria": {
      "has_lapis_lazuli": "2024-07-19 00:03:12 +0000"
    },
    "done": true
  },
  "armorplus:recipes/armorplus.weapons/crafting/shaped/lapis/lapis_arrow": {
    "criteria": {
      "has_req": "2024-07-19 00:03:12 +0000"
    },
    "done": true
  },
  "travelersbackpack:recipes/misc/lapis": {
    "criteria": {
      "has_lapis_lazuli": "2024-07-19 00:03:12 +0000"
    },
    "done": true
  },
  "minecraft:recipes/misc/red_dye_from_poppy": {
    "criteria": {
      "has_poppy": "2024-07-19 00:05:25 +0000"
    },
    "done": true
  },
  "minecraft:recipes/building_blocks/emerald_block": {
    "criteria": {
      "has_emerald": "2024-07-19 00:05:44 +0000"
    },
    "done": true
  },
  "travelersbackpack:recipes/misc/emerald": {
    "criteria": {
      "has_emerald": "2024-07-19 00:05:44 +0000"
    },
    "done": true
  },
  "armorplus:recipes/armorplus.weapons/crafting/shaped/emerald/emerald_arrow": {
    "criteria": {
      "has_req": "2024-07-19 00:05:44 +0000"
    },
    "done": true
  },
  "graveyard:graveyard/craft_coffin": {
    "criteria": {
      "coffin": "2024-07-19 00:06:00 +0000"
    },
    "done": true
  },
  "minecraft:recipes/redstone/target": {
    "criteria": {
      "has_hay_block": "2024-07-19 00:06:00 +0000"
    },
    "done": true
  },
  "minecraft:recipes/misc/wheat": {
    "criteria": {
      "has_hay_block": "2024-07-19 00:06:00 +0000"
    },
    "done": true
  },
  "armorplus:recipes/armorplus.items/crafting/shapeless/storage/lava_shard_to_item_adv": {
    "criteria": {
      "has_req": "2024-07-19 00:16:38 +0000"
    },
    "done": true
  },
  "armorplus:recipes/armorplus.blocks/crafting/shaped/storage/block_lava_crystal": {
    "criteria": {
      "has_req": "2024-07-19 00:16:38 +0000"
    },
    "done": true
  },
  "graveyard:graveyard/crypt": {
    "criteria": {
      "crypt": "2024-07-19 00:26:09 +0000"
    },
    "done": true
  },
  "minecraft:recipes/misc/pink_dye_from_peony": {
    "criteria": {
      "has_peony": "2024-07-19 00:55:04 +0000"
    },
    "done": true
  },
  "minecraft:story/shiny_gear": {
    "criteria": {
      "diamond_helmet": "2024-07-19 00:56:37 +0000"
    },
    "done": true
  },
  "minecraft:recipes/brewing/cauldron": {
    "criteria": {
      "has_water_bucket": "2024-07-19 01:04:33 +0000"
    },
    "done": true
  },
  "minecraft:recipes/food/cake": {
    "criteria": {
      "has_egg": "2024-07-19 01:08:15 +0000"
    },
    "done": true
  },
  "travelersbackpack:recipes/misc/cake": {
    "criteria": {
      "has_egg": "2024-07-19 01:08:15 +0000"
    },
    "done": true
  },
  "minecraft:recipes/food/cooked_mutton_from_smoking": {
    "criteria": {
      "has_mutton": "2024-07-19 01:08:26 +0000"
    },
    "done": true
  },
  "minecraft:recipes/decorations/painting": {
    "criteria": {
      "has_wool": "2024-07-19 01:08:26 +0000"
    },
    "done": true
  },
  "travelersbackpack:recipes/decorations/white_sleeping_bag": {
    "criteria": {
      "has_white_wool": "2024-07-19 01:08:26 +0000"
    },
    "done": true
  },
  "another_furniture:recipes/white_stool": {
    "criteria": {
      "has_wool": "2024-07-19 01:08:26 +0000"
    },
    "done": true
  },
  "minecraft:recipes/decorations/white_carpet": {
    "criteria": {
      "has_white_wool": "2024-07-19 01:08:26 +0000"
    },
    "done": true
  },
  "another_furniture:recipes/white_curtain": {
    "criteria": {
      "has_wool": "2024-07-19 01:08:26 +0000"
    },
    "done": true
  },
  "another_furniture:recipes/white_sofa": {
    "criteria": {
      "has_wool": "2024-07-19 01:08:26 +0000"
    },
    "done": true
  },
  "immersive_armors:recipes/misc/robe": {
    "criteria": {
      "has_item": "2024-07-19 01:08:26 +0000"
    },
    "done": true
  },
  "minecraft:recipes/food/cooked_mutton": {
    "criteria": {
      "has_mutton": "2024-07-19 01:08:26 +0000"
    },
    "done": true
  },
  "another_furniture:recipes/white_lamp": {
    "criteria": {
      "has_wool": "2024-07-19 01:08:26 +0000"
    },
    "done": true
  },
  "travelersbackpack:recipes/misc/sheep": {
    "criteria": {
      "has_white_wool": "2024-07-19 01:08:26 +0000"
    },
    "done": true
  },
  "minecraft:recipes/decorations/white_banner": {
    "criteria": {
      "has_white_wool": "2024-07-19 01:08:26 +0000"
    },
    "done": true
  },
  "another_furniture:recipes/white_tall_stool": {
    "criteria": {
      "has_wool": "2024-07-19 01:08:26 +0000"
    },
    "done": true
  },
  "minecraft:recipes/food/cooked_mutton_from_campfire_cooking": {
    "criteria": {
      "has_mutton": "2024-07-19 01:08:26 +0000"
    },
    "done": true
  },
  "minecraft:recipes/decorations/white_bed": {
    "criteria": {
      "has_white_wool": "2024-07-19 01:08:26 +0000"
    },
    "done": true
  },
  "minecraft:recipes/decorations/brown_banner": {
    "criteria": {
      "has_brown_wool": "2024-07-19 01:08:28 +0000"
    },
    "done": true
  },
  "minecraft:recipes/decorations/brown_bed": {
    "criteria": {
      "has_brown_wool": "2024-07-19 01:08:28 +0000"
    },
    "done": true
  },
  "minecraft:recipes/decorations/brown_carpet": {
    "criteria": {
      "has_brown_wool": "2024-07-19 01:08:28 +0000"
    },
    "done": true
  },
  "another_furniture:recipes/brown_lamp": {
    "criteria": {
      "has_wool": "2024-07-19 01:08:28 +0000"
    },
    "done": true
  },
  "another_furniture:recipes/brown_sofa": {
    "criteria": {
      "has_wool": "2024-07-19 01:08:28 +0000"
    },
    "done": true
  },
  "another_furniture:recipes/brown_tall_stool": {
    "criteria": {
      "has_wool": "2024-07-19 01:08:28 +0000"
    },
    "done": true
  },
  "travelersbackpack:recipes/decorations/brown_sleeping_bag": {
    "criteria": {
      "has_brown_wool": "2024-07-19 01:08:28 +0000"
    },
    "done": true
  },
  "another_furniture:recipes/brown_stool": {
    "criteria": {
      "has_wool": "2024-07-19 01:08:28 +0000"
    },
    "done": true
  },
  "another_furniture:recipes/brown_curtain": {
    "criteria": {
      "has_wool": "2024-07-19 01:08:28 +0000"
    },
    "done": true
  },
  "another_furniture:recipes/light_gray_sofa": {
    "criteria": {
      "has_wool": "2024-07-19 01:08:34 +0000"
    },
    "done": true
  },
  "travelersbackpack:recipes/decorations/light_gray_sleeping_bag": {
    "criteria": {
      "has_light_gray_wool": "2024-07-19 01:08:34 +0000"
    },
    "done": true
  },
  "minecraft:recipes/decorations/light_gray_bed": {
    "criteria": {
      "has_light_gray_wool": "2024-07-19 01:08:34 +0000"
    },
    "done": true
  },
  "another_furniture:recipes/light_gray_tall_stool": {
    "criteria": {
      "has_wool": "2024-07-19 01:08:34 +0000"
    },
    "done": true
  },
  "another_furniture:recipes/light_gray_stool": {
    "criteria": {
      "has_wool": "2024-07-19 01:08:34 +0000"
    },
    "done": true
  },
  "minecraft:recipes/decorations/light_gray_banner": {
    "criteria": {
      "has_light_gray_wool": "2024-07-19 01:08:34 +0000"
    },
    "done": true
  },
  "minecraft:recipes/decorations/light_gray_carpet": {
    "criteria": {
      "has_light_gray_wool": "2024-07-19 01:08:34 +0000"
    },
    "done": true
  },
  "another_furniture:recipes/light_gray_curtain": {
    "criteria": {
      "has_wool": "2024-07-19 01:08:34 +0000"
    },
    "done": true
  },
  "another_furniture:recipes/light_gray_lamp": {
    "criteria": {
      "has_wool": "2024-07-19 01:08:34 +0000"
    },
    "done": true
  },
  "minecraft:recipes/decorations/stone_brick_wall": {
    "criteria": {
      "has_stone_bricks": "2024-07-19 01:10:50 +0000"
    },
    "done": true
  },
  "armorplus:recipes/armorplus.blocks/crafting/shaped/bricks/red_stone_brick": {
    "criteria": {
      "has_req": "2024-07-19 01:10:50 +0000"
    },
    "done": true
  },
  "minecraft:recipes/building_blocks/cracked_stone_bricks": {
    "criteria": {
      "has_stone_bricks": "2024-07-19 01:10:50 +0000"
    },
    "done": true
  },
  "minecraft:recipes/building_blocks/stone_brick_stairs_from_stone_bricks_stonecutting": {
    "criteria": {
      "has_stone_bricks": "2024-07-19 01:10:50 +0000"
    },
    "done": true
  },
  "armorplus:recipes/armorplus.blocks/crafting/shaped/bricks/green_stone_brick": {
    "criteria": {
      "has_req": "2024-07-19 01:10:50 +0000"
    },
    "done": true
  },
  "minecraft:recipes/decorations/stone_brick_wall_from_stone_bricks_stonecutting": {
    "criteria": {
      "has_stone_bricks": "2024-07-19 01:10:50 +0000"
    },
    "done": true
  },
  "armorplus:recipes/armorplus.blocks/crafting/shaped/bricks/black_stone_brick": {
    "criteria": {
      "has_req": "2024-07-19 01:10:50 +0000"
    },
    "done": true
  },
  "minecraft:recipes/building_blocks/stone_brick_slab_from_stone_bricks_stonecutting": {
    "criteria": {
      "has_stone_bricks": "2024-07-19 01:10:50 +0000"
    },
    "done": true
  },
  "armorplus:recipes/armorplus.blocks/crafting/shaped/bricks/white_stone_brick": {
    "criteria": {
      "has_req": "2024-07-19 01:10:50 +0000"
    },
    "done": true
  },
  "minecraft:recipes/building_blocks/chiseled_stone_bricks_from_stone_bricks_stonecutting": {
    "criteria": {
      "has_stone_bricks": "2024-07-19 01:10:50 +0000"
    },
    "done": true
  },
  "armorplus:recipes/armorplus.blocks/crafting/shaped/bricks/orange_stone_brick": {
    "criteria": {
      "has_req": "2024-07-19 01:10:50 +0000"
    },
    "done": true
  },
  "armorplus:recipes/armorplus.blocks/crafting/shaped/bricks/purple_stone_brick": {
    "criteria": {
      "has_req": "2024-07-19 01:10:50 +0000"
    },
    "done": true
  },
  "armorplus:recipes/armorplus.blocks/crafting/shaped/bricks/blue_stone_brick": {
    "criteria": {
      "has_req": "2024-07-19 01:10:50 +0000"
    },
    "done": true
  },
  "armorplus:recipes/armorplus.blocks/crafting/shaped/bricks/yellow_stone_brick": {
    "criteria": {
      "has_req": "2024-07-19 01:10:50 +0000"
    },
    "done": true
  },
  "minecraft:recipes/decorations/decorated_pot_simple": {
    "criteria": {
      "has_brick": "2024-07-19 01:10:57 +0000"
    },
    "done": true
  },
  "minecraft:adventure/salvage_sherd": {
    "criteria": {
      "has_sherd": "2024-07-19 01:10:57 +0000"
    },
    "done": false
  },
  "minecraft:recipes/misc/bone_meal_from_bone_block": {
    "criteria": {
      "has_bone_block": "2024-07-19 01:13:39 +0000"
    },
    "done": true
  },
  "minecraft:recipes/misc/white_dye": {
    "criteria": {
      "has_bone_meal": "2024-07-19 01:13:41 +0000"
    },
    "done": true
  },
  "minecraft:recipes/building_blocks/bone_block": {
    "criteria": {
      "has_bone_meal": "2024-07-19 01:13:41 +0000"
    },
    "done": true
  },
  "minecraft:recipes/decorations/white_glazed_terracotta": {
    "criteria": {
      "has_white_terracotta": "2024-07-19 01:22:50 +0000"
    },
    "done": true
  },
  "minecraft:recipes/misc/gold_ingot_from_gold_block": {
    "criteria": {
      "has_gold_block": "2024-07-19 01:26:19 +0000"
    },
    "done": true
  },
  "minecraft:recipes/misc/nether_brick": {
    "criteria": {
      "has_netherrack": "2024-07-19 01:26:19 +0000"
    },
    "done": true
  },
  "armorplus:recipes/armorplus.weapons/crafting/shaped/redstone/redstone_arrow": {
    "criteria": {
      "has_req": "2024-07-19 01:37:41 +0000"
    },
    "done": true
  },
  "minecraft:recipes/redstone/redstone_torch": {
    "criteria": {
      "has_redstone": "2024-07-19 01:37:41 +0000"
    },
    "done": true
  },
  "minecraft:recipes/tools/clock": {
    "criteria": {
      "has_redstone": "2024-07-19 01:37:41 +0000"
    },
    "done": true
  },
  "minecraft:recipes/redstone/note_block": {
    "criteria": {
      "has_redstone": "2024-07-19 01:37:41 +0000"
    },
    "done": true
  },
  "minecraft:recipes/tools/compass": {
    "criteria": {
      "has_redstone": "2024-07-19 01:37:41 +0000"
    },
    "done": true
  },
  "travelersbackpack:recipes/misc/redstone": {
    "criteria": {
      "has_redstone": "2024-07-19 01:37:41 +0000"
    },
    "done": true
  },
  "minecraft:recipes/redstone/dropper": {
    "criteria": {
      "has_redstone": "2024-07-19 01:37:41 +0000"
    },
    "done": true
  },
  "minecraft:recipes/redstone/redstone_block": {
    "criteria": {
      "has_redstone": "2024-07-19 01:37:41 +0000"
    },
    "done": true
  },
  "minecraft:recipes/redstone/piston": {
    "criteria": {
      "has_redstone": "2024-07-19 01:37:41 +0000"
    },
    "done": true
  },
  "minecraft:recipes/misc/light_gray_dye_from_white_tulip": {
    "criteria": {
      "has_white_tulip": "2024-07-19 01:53:23 +0000"
    },
    "done": true
  },
  "minecraft:recipes/decorations/composter": {
    "criteria": {
      "has_wood_slab": "2024-07-19 01:55:05 +0000"
    },
    "done": true
  },
  "another_furniture:recipes/dark_oak_flower_box": {
    "criteria": {
      "has_slab": "2024-07-19 01:55:05 +0000"
    },
    "done": true
  },
  "another_furniture:recipes/dark_oak_bench": {
    "criteria": {
      "has_slab": "2024-07-19 01:55:05 +0000"
    },
    "done": true
  },
  "another_furniture:recipes/dark_oak_shutter": {
    "criteria": {
      "has_slab": "2024-07-19 01:55:05 +0000"
    },
    "done": true
  },
  "minecraft:recipes/decorations/glow_item_frame": {
    "criteria": {
      "has_item_frame": "2024-07-19 02:10:12 +0000"
    },
    "done": true
  },
  "another_furniture:recipes/spruce_flower_box": {
    "criteria": {
      "has_slab": "2024-07-19 02:14:09 +0000"
    },
    "done": true
  },
  "another_furniture:recipes/spruce_bench": {
    "criteria": {
      "has_slab": "2024-07-19 02:14:09 +0000"
    },
    "done": true
  },
  "another_furniture:recipes/spruce_shutter": {
    "criteria": {
      "has_slab": "2024-07-19 02:14:09 +0000"
    },
    "done": true
  },
  "alexsmobs:alexsmobs/rocky_roller": {
    "criteria": {
      "killed_by": "2024-07-19 02:36:59 +0000"
    },
    "done": true
  },
  "dungeons_arise:find_bathhouse": {
    "criteria": {
      "location0": "2024-07-19 02:54:07 +0000"
    },
    "done": true
  },
  "armorplus:recipes/armorplus.armors/crafting/shaped/coal/coal_chestplate": {
    "criteria": {
      "has_req": "2024-07-19 02:55:16 +0000"
    },
    "done": true
  },
  "armorplus:recipes/armorplus.armors/crafting/shaped/coal/coal_boots": {
    "criteria": {
      "has_req": "2024-07-19 02:55:16 +0000"
    },
    "done": true
  },
  "minecraft:recipes/misc/coal": {
    "criteria": {
      "has_coal_block": "2024-07-19 02:55:16 +0000"
    },
    "done": true
  },
  "armorplus:recipes/armorplus.armors/crafting/shaped/coal/coal_boots_alt": {
    "criteria": {
      "has_req": "2024-07-19 02:55:16 +0000"
    },
    "done": true
  },
  "armorplus:recipes/armorplus.armors/crafting/shaped/coal/coal_helmet": {
    "criteria": {
      "has_req": "2024-07-19 02:55:16 +0000"
    },
    "done": true
  },
  "armorplus:recipes/armorplus.armors/crafting/shaped/coal/coal_leggings": {
    "criteria": {
      "has_req": "2024-07-19 02:55:16 +0000"
    },
    "done": true
  },
  "armorplus:recipes/armorplus.armors/crafting/shaped/coal/coal_helmet_alt": {
    "criteria": {
      "has_req": "2024-07-19 02:55:16 +0000"
    },
    "done": true
  },
  "minecraft:recipes/tools/spyglass": {
    "criteria": {
      "has_amethyst_shard": "2024-07-19 02:59:22 +0000"
    },
    "done": true
  },
  "minecraft:recipes/redstone/calibrated_sculk_sensor": {
    "criteria": {
      "has_amethyst_shard": "2024-07-19 02:59:22 +0000"
    },
    "done": true
  },
  "minecraft:recipes/building_blocks/tinted_glass": {
    "criteria": {
      "has_amethyst_shard": "2024-07-19 02:59:22 +0000"
    },
    "done": true
  },
  "minecraft:recipes/building_blocks/amethyst_block": {
    "criteria": {
      "has_amethyst_shard": "2024-07-19 02:59:22 +0000"
    },
    "done": true
  },
  "minecraft:recipes/food/beetroot_soup": {
    "criteria": {
      "has_beetroot": "2024-07-19 02:59:46 +0000"
    },
    "done": true
  },
  "minecraft:recipes/misc/bowl": {
    "criteria": {
      "has_mushroom_stew": "2024-07-19 02:59:46 +0000"
    },
    "done": true
  },
  "minecraft:recipes/misc/red_dye_from_beetroot": {
    "criteria": {
      "has_beetroot": "2024-07-19 02:59:46 +0000"
    },
    "done": true
  },
  "minecraft:recipes/food/mushroom_stew": {
    "criteria": {
      "has_mushroom_stew": "2024-07-19 02:59:46 +0000"
    },
    "done": true
  },
  "minecraft:recipes/building_blocks/bookshelf": {
    "criteria": {
      "has_book": "2024-07-19 03:01:30 +0000"
    },
    "done": true
  },
  "minecraft:recipes/redstone/lectern": {
    "criteria": {
      "has_book": "2024-07-19 03:01:30 +0000"
    },
    "done": true
  },
  "minecraft:recipes/building_blocks/chiseled_bookshelf": {
    "criteria": {
      "has_book": "2024-07-19 03:01:30 +0000"
    },
    "done": true
  },
  "minecraft:recipes/misc/writable_book": {
    "criteria": {
      "has_book": "2024-07-19 03:01:30 +0000"
    },
    "done": true
  },
  "travelersbackpack:recipes/misc/bookshelf": {
    "criteria": {
      "has_book": "2024-07-19 03:01:30 +0000"
    },
    "done": true
  },
  "minecraft:recipes/misc/stick_from_bamboo_item": {
    "criteria": {
      "has_bamboo": "2024-07-19 03:03:11 +0000"
    },
    "done": true
  },
  "minecraft:recipes/building_blocks/bamboo_block": {
    "criteria": {
      "has_bamboo": "2024-07-19 03:03:11 +0000"
    },
    "done": true
  },
  "minecraft:recipes/decorations/scaffolding": {
    "criteria": {
      "has_bamboo": "2024-07-19 03:03:11 +0000"
    },
    "done": true
  },
  "ags_day_counter:day_counter_root_advancement": {
    "criteria": {
      "day_counter_root_advancement_0": "2024-07-19 22:31:32 +0000"
    },
    "done": true
  },
  "jeg:recipes/jeg/workbench": {
    "criteria": {
      "has_planks": "2024-07-19 23:49:37 +0000"
    },
    "done": true
  },
  "minecraft:recipes/building_blocks/stone_bricks": {
    "criteria": {
      "has_stone": "2024-07-20 00:00:02 +0000"
    },
    "done": true
  },
  "minecraft:recipes/building_blocks/stone_bricks_from_stone_stonecutting": {
    "criteria": {
      "has_stone": "2024-07-20 00:00:02 +0000"
    },
    "done": true
  },
  "minecraft:recipes/building_blocks/stone_slab": {
    "criteria": {
      "has_stone": "2024-07-20 00:00:02 +0000"
    },
    "done": true
  },
  "minecraft:recipes/building_blocks/stone_stairs_from_stone_stonecutting": {
    "criteria": {
      "has_stone": "2024-07-20 00:00:02 +0000"
    },
    "done": true
  },
  "minecraft:recipes/redstone/stone_button": {
    "criteria": {
      "has_stone": "2024-07-20 00:00:02 +0000"
    },
    "done": true
  },
  "minecraft:recipes/decorations/stonecutter": {
    "criteria": {
      "has_stone": "2024-07-20 00:00:02 +0000"
    },
    "done": true
  },
  "minecraft:recipes/redstone/stone_pressure_plate": {
    "criteria": {
      "has_stone": "2024-07-20 00:00:02 +0000"
    },
    "done": true
  },
  "minecraft:recipes/building_blocks/smooth_stone": {
    "criteria": {
      "has_stone": "2024-07-20 00:00:02 +0000"
    },
    "done": true
  },
  "minecraft:recipes/decorations/stone_brick_walls_from_stone_stonecutting": {
    "criteria": {
      "has_stone": "2024-07-20 00:00:02 +0000"
    },
    "done": true
  },
  "minecraft:recipes/building_blocks/stone_brick_slab_from_stone_stonecutting": {
    "criteria": {
      "has_stone": "2024-07-20 00:00:02 +0000"
    },
    "done": true
  },
  "minecraft:recipes/building_blocks/stone_brick_stairs_from_stone_stonecutting": {
    "criteria": {
      "has_stone": "2024-07-20 00:00:02 +0000"
    },
    "done": true
  },
  "minecraft:recipes/building_blocks/stone_slab_from_stone_stonecutting": {
    "criteria": {
      "has_stone": "2024-07-20 00:00:02 +0000"
    },
    "done": true
  },
  "minecraft:recipes/building_blocks/chiseled_stone_bricks_stone_from_stonecutting": {
    "criteria": {
      "has_stone": "2024-07-20 00:00:02 +0000"
    },
    "done": true
  },
  "armorplus:recipes/armorplus.blocks/crafting/shaped/soul_box_adv": {
    "criteria": {
      "has_req": "2024-07-20 00:00:02 +0000"
    },
    "done": true
  },
  "minecraft:recipes/building_blocks/stone_stairs": {
    "criteria": {
      "has_stone": "2024-07-20 00:00:02 +0000"
    },
    "done": true
  },
  "minecraft:recipes/decorations/blast_furnace": {
    "criteria": {
      "has_smooth_stone": "2024-07-20 19:52:33 +0000"
    },
    "done": true
  },
  "minecraft:recipes/building_blocks/smooth_stone_slab": {
    "criteria": {
      "has_smooth_stone": "2024-07-20 19:52:33 +0000"
    },
    "done": true
  },
  "minecraft:recipes/building_blocks/smooth_stone_slab_from_smooth_stone_stonecutting": {
    "criteria": {
      "has_smooth_stone": "2024-07-20 19:52:33 +0000"
    },
    "done": true
  },
  "alexsmobs:alexsmobs/grizzly_bear": {
    "criteria": {
      "killed_by": "2024-07-20 20:02:19 +0000"
    },
    "done": true
  },
  "minecraft:recipes/decorations/armor_stand": {
    "criteria": {
      "has_stone_slab": "2024-07-20 19:52:43 +0000"
    },
    "done": true
  },
  "DataVersion": 3465
}